"Message",Low,"Uruchamianie kompilacji platformy .NET Native"
"Message",Low,""
"Message",Low,""
"Message",Low,"Zadanie „Gatekeeper”"
"Message",Normal,"Launching 'C:\Users\Deimos\.nuget\packages\microsoft.net.native.compiler\1.6.2\tools\x86\ilc\Tools\Gatekeeper.exe @""C:\Users\Deimos\Desktop\Programowanie\Xamarin\Projekt Xross Xamarin\Projekt01\Projekt01\Projekt01.UWP\obj\x86\Release\ilc\intermediate\gkargs.rsp""'"
"Message",Low,"Microsoft (R) .NET Native Gatekeeper wersja 1.6.25221.00 "
"Message",Low,"Copyright (C) Microsoft Corporation.  All rights reserved. "
"Message",Low," "
"Message",Low,"Sprawdzanie zestawu ""C:\Users\Deimos\Desktop\Programowanie\Xamarin\Projekt Xross Xamarin\Projekt01\Projekt01\Projekt01.UWP\obj\x86\Release\ilc\in\Projekt01.UWP.exe"". "
"Message",Low,"Sprawdzanie zestawu ""C:\Users\Deimos\Desktop\Programowanie\Xamarin\Projekt Xross Xamarin\Projekt01\Projekt01\Projekt01.UWP\obj\x86\Release\ilc\in\Xamarin.Forms.Core.dll"". "
"Message",Low,"Sprawdzanie zestawu ""C:\Users\Deimos\Desktop\Programowanie\Xamarin\Projekt Xross Xamarin\Projekt01\Projekt01\Projekt01.UWP\obj\x86\Release\ilc\in\Xamarin.Forms.Platform.dll"". "
"Message",Low,"Sprawdzanie zestawu ""C:\Users\Deimos\Desktop\Programowanie\Xamarin\Projekt Xross Xamarin\Projekt01\Projekt01\Projekt01.UWP\obj\x86\Release\ilc\in\Xamarin.Forms.Platform.UAP.dll"". "
"Message",Low,"Sprawdzanie zestawu ""C:\Users\Deimos\Desktop\Programowanie\Xamarin\Projekt Xross Xamarin\Projekt01\Projekt01\Projekt01.UWP\obj\x86\Release\ilc\in\Xamarin.Forms.Xaml.dll"". "
"Message",Normal,"'C:\Users\Deimos\.nuget\packages\microsoft.net.native.compiler\1.6.2\tools\x86\ilc\Tools\Gatekeeper.exe @""C:\Users\Deimos\Desktop\Programowanie\Xamarin\Projekt Xross Xamarin\Projekt01\Projekt01\Projekt01.UWP\obj\x86\Release\ilc\intermediate\gkargs.rsp""' completed."
"Message",Normal,"Process execution statistics (all times in milliseconds)"
"Message",Normal,"-----------------------------------------------------------------------------"
"Message",Normal,"launch  |  start   |   stop   |   end    | duration | lifetime | [slot] name"
"Message",Normal,"-----------------------------------------------------------------------------"
"Message",Normal,"       0 |        0 |      625 |      625 |      625 |      625 | [0] Gatekeeper"
"Message",Normal,"Number of commands:      1"
"Message",Normal,"Total system time:       625 ms"
"Message",Normal,"System time per command: 625 ms"
"Message",Normal,"Total duration:          625 ms"
"Message",Normal,"Total lifetime:          625 ms"
"Message",Normal,"Requested DOP:           4"
"Message",Normal,"Duration DOP:            1,0"
"Message",Normal,"Lifetime DOP:            1,0"
"Message",Low,"Zakończono wykonywanie zadania „Gatekeeper”."
"Message",Low,"Zakończono kompilowanie celu „RunGatekeeper” w pliku „Preparation”."
"Message",Low,""
"Message",Low,"Zadanie „InjectWindowsRuntimeTypeForwards”"
"Message",Normal,"Running 'InjectWindowsRuntimeTypeForwards' transform, heap at 14 MB."
"Message",Normal,"Running 'WriteAssemblies' transform, heap at 18 MB."
"Message",Normal,""
"Message",Normal,"Transform summary"
"Message",Normal,"    ms | heap delta | name"
"Message",Normal,"   320 |          2 | WriteAssemblies"
"Message",Normal,"   289 |          4 | InjectWindowsRuntimeTypeForwards"
"Message",Low,"Zakończono wykonywanie zadania „InjectWindowsRuntimeTypeForwards”."
"Message",Low,"Zakończono kompilowanie celu „InjectWindowRuntimeTypeForwards” w pliku „Preparation”."
"Message",Low,""
"Message",Low,"Zadanie „PreResolveAssemblyClosure”"
"Message",Low,"Zakończono wykonywanie zadania „PreResolveAssemblyClosure”."
"Message",Low,"Zadanie „PreResolveTransforms”"
"Message",Normal,"Running 'ResolveSelfReferences' transform, heap at 31 MB."
"Message",Normal,"Running 'RemoveDuplicateMembers' transform, heap at 42 MB."
"Message",Normal,"Running 'PortableLib' transform, heap at 42 MB."
"Message",Normal,"Running 'WriteAssemblies' transform, heap at 66 MB."
"Message",Normal,""
"Message",Normal,"Transform summary"
"Message",Normal,"    ms | heap delta | name"
"Message",Normal,"   395 |         24 | PortableLib"
"Message",Normal,"   348 |         11 | WriteAssemblies"
"Message",Normal,"   337 |         11 | ResolveSelfReferences"
"Message",Normal,"     1 |          0 | RemoveDuplicateMembers"
"Message",Low,"Zakończono wykonywanie zadania „PreResolveTransforms”."
"Message",Low,"Zakończono kompilowanie celu „PreResolveTransforms” w pliku „Preparation”."
"Message",Low,""
"Message",Low,"Zadanie „InitialAssemblyClosure”"
"Message",Low,"Zakończono wykonywanie zadania „InitialAssemblyClosure”."
"Message",Low,"Zadanie „ResolveInitialReferencesAssemblyClosure1”"
"Message",Low,"Zakończono wykonywanie zadania „ResolveInitialReferencesAssemblyClosure1”."
"Message",Low,"Zadanie „ResolveInitialReferencesAssemblyClosure2”"
"Message",Low,"Zakończono wykonywanie zadania „ResolveInitialReferencesAssemblyClosure2”."
"Message",Low,"Zakończono kompilowanie celu „ResolveInitialReferences” w pliku „Preparation”."
"Message",Low,"Zakończono kompilowanie projektu „Preparation”."
"Message",Low,""
"Message",Low,""
"Message",High,"Przetwarzanie kodu aplikacji"
"Message",Low,"Zadanie „ValidateSimpleNames”"
"Message",Low,"Zakończono wykonywanie zadania „ValidateSimpleNames”."
"Message",Low,"Zadanie „McgContractsResolveFilePath”"
"Message",Low,"Zakończono wykonywanie zadania „McgContractsResolveFilePath”."
"Message",Low,"Zadanie „McgFacadeResolveFilePath”"
"Message",Low,"Zakończono wykonywanie zadania „McgFacadeResolveFilePath”."
"Message",Low,"Zadanie „FinalAssemblyClosureRootsResolveFilePaths”"
"Message",Low,"Zakończono wykonywanie zadania „FinalAssemblyClosureRootsResolveFilePaths”."
"Message",Low,"Zadanie „FinalAssemblyClosure”"
"Message",Low,"Zakończono wykonywanie zadania „FinalAssemblyClosure”."
"Message",Low,"Zadanie „RunILTransforms”"
"Message",Normal,"Running 'Analysis' transform, heap at 56 MB."
"Message",Low,"Loading 87 modules..."
"Message",Normal,"Imported reflection directives from 15 files:"
"Message",Normal,"C:\Users\Deimos\Desktop\Programowanie\Xamarin\Projekt Xross Xamarin\Projekt01\Projekt01\Projekt01.UWP\obj\x86\Release\ilc\in\Properties\Default.rd.xml"
"Message",Normal,"C:\Users\Deimos\Desktop\Programowanie\Xamarin\Projekt Xross Xamarin\Projekt01\Projekt01\Projekt01.UWP\obj\x86\Release\ilc\in\Xamarin.Forms.Platform.UAP\Properties\Xamarin.Forms.Platform.UAP.rd.xml"
"Message",Normal,"Osadzono manifest w System.Diagnostics.Tracing: Resources.System.Diagnostics.Tracing.rd.xml"
"Message",Normal,"Osadzono manifest w System.Private.Reflection: System.Private.Reflection.rd.xml"
"Message",Normal,"Osadzono manifest w System.Private.CoreLib: Resources.System.Private.CoreLib.rd.xml"
"Message",Normal,"Osadzono manifest w System.Private.Uri: Resources.System.Private.Uri.rd.xml"
"Message",Normal,"Osadzono manifest w System.Private.Reflection.Core: System.Private.Reflection.Core.rd.xml"
"Message",Normal,"Osadzono manifest w System.Private.PortableThunks: Resources.System.Private.PortableThunks.rd.xml"
"Message",Normal,"Osadzono manifest w System.Xml.ReaderWriter: System.Xml.Resources.System.Xml.ReaderWriter.rd.xml"
"Message",Normal,"Osadzono manifest w System.Linq.Expressions: Resources.System.Linq.Expressions.rd.xml"
"Message",Normal,"Osadzono manifest w System.Dynamic.Runtime: Resources.System.Dynamic.Runtime.rd.xml"
"Message",Normal,"Osadzono manifest w System.Private.DataContractSerialization: System.Private.DataContractSerialization.Resources.System.Private.DataContractSerialization.rd.xml"
"Message",Normal,"Osadzono manifest w System.Runtime.Serialization.Primitives: System.Runtime.Serialization.Primitives.Resources.System.Runtime.Serialization.Primitives.rd.xml"
"Message",Normal,"Osadzono manifest w System.Xml.XmlSerializer: System.Xml.XmlSerializer.Resources.System.Xml.XmlSerializer.rd.xml"
"Message",Normal,"Osadzono manifest w System.Private.Interop: Resources.System.Private.Interop.rd.xml"
"Message",Normal,"Imported XAML Roots from 2 files:"
"Message",Normal,"C:\Users\Deimos\Desktop\Programowanie\Xamarin\Projekt Xross Xamarin\Projekt01\Projekt01\Projekt01.UWP\obj\x86\Release\ilc\in\Projekt01.UWP.xr.xml"
"Message",Normal,"C:\Users\Deimos\Desktop\Programowanie\Xamarin\Projekt Xross Xamarin\Projekt01\Projekt01\Projekt01.UWP\obj\x86\Release\ilc\in\Xamarin.Forms.Platform.UAP\Xamarin.Forms.Platform.UAP.xr.xml"
"Message",Normal,"Running 'Mcg' transform, heap at 211 MB."
"Message",High,"Computing application closure and generating interop code"
"Message",Normal,"  Lista plików lib:"
"Message",Normal,"      WindowsApp.lib"
"Message",Normal,"  Lista ścieżek wyszukiwania plików lib:"
"Message",Normal,"      C:\Program Files (x86)\Windows Kits\10\lib\10.0.15063.0\um\x86"
"Message",Normal,"  Trwa ładowanie eksportów z plików lib..."
"Message",Normal,"      Odczytano eksporty (2875) z „C:\Program Files (x86)\Windows Kits\10\lib\10.0.15063.0\um\x86\WindowsApp.lib”."
"Message",High,"  Trwa ładowanie 87 modułów..."
"Message",Normal,"          Element P/Invoke „RhWaitForPendingFinalizers” z atrybutem [DllImport(ExactSpelling=true)] rozpoznano jako „[MRT]!RhWaitForPendingFinalizers”."
"Message",Normal,"          Element P/Invoke „RhYield” z atrybutem [DllImport(ExactSpelling=true)] rozpoznano jako „[MRT]!RhYield”."
"Message",Normal,"          Element P/Invoke „RhCompatibleReentrantWaitAny” z atrybutem [DllImport(ExactSpelling=true)] rozpoznano jako „[MRT]!RhCompatibleReentrantWaitAny”."
"Message",Normal,"          Element P/Invoke „_ecvt_s” z atrybutem [DllImport(ExactSpelling=true)] rozpoznano jako „[MRT]!_ecvt_s”."
"Message",Normal,"          Element P/Invoke „memmove” z atrybutem [DllImport(ExactSpelling=true)] rozpoznano jako „[MRT]!memmove”."
"Message",Normal,"          Element P/Invoke „CallingConventionConverter_GetStubs” z atrybutem [DllImport(ExactSpelling=true)] rozpoznano jako „*!CallingConventionConverter_GetStubs”."
"Message",Normal,"          Element P/Invoke „GetLastError” rozpoznano jako „api-ms-win-core-errorhandling-l1-1-1.dll!GetLastError” z „C:\Program Files (x86)\Windows Kits\10\lib\10.0.15063.0\um\x86\WindowsApp.lib”."
"Message",Normal,"          Element P/Invoke „RoInitialize” rozpoznano jako „api-ms-win-core-winrt-l1-1-0.dll!RoInitialize” z „C:\Program Files (x86)\Windows Kits\10\lib\10.0.15063.0\um\x86\WindowsApp.lib”."
"Message",Normal,"          Element P/Invoke „IsValidLocaleName” rozpoznano jako „api-ms-win-core-localization-l1-2-1.dll!IsValidLocaleName” z „C:\Program Files (x86)\Windows Kits\10\lib\10.0.15063.0\um\x86\WindowsApp.lib”."
"Message",Normal,"          Element P/Invoke „ResolveLocaleName” rozpoznano jako „api-ms-win-core-localization-l1-2-1.dll!ResolveLocaleName” z „C:\Program Files (x86)\Windows Kits\10\lib\10.0.15063.0\um\x86\WindowsApp.lib”."
"Message",Normal,"          Element P/Invoke „GetCPInfoExW” rozpoznano jako „api-ms-win-core-localization-l1-2-1.dll!GetCPInfoExW” z „C:\Program Files (x86)\Windows Kits\10\lib\10.0.15063.0\um\x86\WindowsApp.lib”."
"Message",Normal,"          Element P/Invoke „RoGetBufferMarshaler” rozpoznano jako „api-ms-win-core-winrt-robuffer-l1-1-0.dll!RoGetBufferMarshaler” z „C:\Program Files (x86)\Windows Kits\10\lib\10.0.15063.0\um\x86\WindowsApp.lib”."
"Message",Normal,"          Element P/Invoke „CoCreateInstance” z atrybutem [DllImport(ExactSpelling=true)] rozpoznano jako „api-ms-win-core-com-l1-1-0.dll!CoCreateInstance”."
"Message",Normal,"          Element P/Invoke „#6” rozpoznano jako „oleaut32.dll!#6” z „C:\Program Files (x86)\Windows Kits\10\lib\10.0.15063.0\um\x86\WindowsApp.lib”."
"Message",Normal,"          Element P/Invoke „RtlIpv6AddressToStringExW” rozpoznano jako „ntdll.dll!RtlIpv6AddressToStringExW” z „C:\Program Files (x86)\Windows Kits\10\lib\10.0.15063.0\um\x86\WindowsApp.lib”."
"Message",Normal,"          Element P/Invoke „RtlIpv4AddressToStringExW” rozpoznano jako „ntdll.dll!RtlIpv4AddressToStringExW” z „C:\Program Files (x86)\Windows Kits\10\lib\10.0.15063.0\um\x86\WindowsApp.lib”."
"Message",Normal,"          Element P/Invoke „FormatMessageW” rozpoznano jako „api-ms-win-core-localization-l1-2-1.dll!FormatMessageW” z „C:\Program Files (x86)\Windows Kits\10\lib\10.0.15063.0\um\x86\WindowsApp.lib”."
"Message",High,"  Trwa generowanie kodu..."
"Message",High,"  Wygenerowano kod międzyoperacyjny."
"Message",Normal,"  Zapisano kod w lokalizacji AssemblyInfo.g.cs"
"Message",Normal,"  Zapisano kod w lokalizacji Adapters.g.cs"
"Message",Normal,"  Zapisano kod w lokalizacji Data.g.cs"
"Message",Normal,"  Zapisano kod w lokalizacji Helpers.g.cs"
"Message",Normal,"  Zapisano kod w lokalizacji ImplTypes.g.cs"
"Message",Normal,"  Zapisano kod w lokalizacji PInvoke.g.cs"
"Message",Normal,"  Zapisano kod w lokalizacji SafeTypes.g.cs"
"Message",Normal,"  Zapisano kod w lokalizacji SharedStubs.g.cs"
"Message",Normal,"Running 'GenerateCodeAndCompile' transform, heap at 271 MB."
"Message",High,"Generating serialization code"
"Message",High,"Compiling interop code"
"Message",Normal,"Compiling generated source code: C:\Users\Deimos\.nuget\packages\microsoft.net.native.compiler\1.6.2\tools\x86\ilc\csc\csc.exe /noconfig @""C:\Users\Deimos\Desktop\Programowanie\Xamarin\Projekt Xross Xamarin\Projekt01\Projekt01\Projekt01.UWP\obj\x86\Release\ilc\intermediate\Projekt01.UWP.McgInterop.rsp"""
"Message",Normal,"Typ ""System.Net.Sockets.IPAddressExtensions"" zostal znaleziony w wiecej niz jednym zestawie."
"Message",Normal,"file:///C:/Users/Deimos/Desktop/Programowanie/Xamarin/Projekt Xross Xamarin/Projekt01/Projekt01/Projekt01.UWP/obj/x86/Release/ilc/in/System.Net.NameResolution.dll"
"Message",Normal,"file:///C:/Users/Deimos/Desktop/Programowanie/Xamarin/Projekt Xross Xamarin/Projekt01/Projekt01/Projekt01.UWP/obj/x86/Release/ilc/in/System.Net.Sockets.dll"
"Message",Normal,"Zestaw ""System.Runtime.WindowsRuntime.dll"" zostal znaleziony w wiecej niz jednym folderze."
"Message",Normal,"file:///C:/Users/Deimos/Desktop/Programowanie/Xamarin/Projekt Xross Xamarin/Projekt01/Projekt01/Projekt01.UWP/obj/x86/Release/ilc/intermediate/TransformedSRWR/System.Runtime.WindowsRuntime.dll"
"Message",Normal,"C:\Users\Deimos\Desktop\Programowanie\Xamarin\Projekt Xross Xamarin\Projekt01\Projekt01\Projekt01.UWP\obj\x86\Release\ilc\in\System.Runtime.WindowsRuntime.dll"
"Message",Normal,"Zestaw ""Xamarin.Forms.Core.dll"" zostal znaleziony w wiecej niz jednym folderze."
"Message",Normal,"file:///C:/Users/Deimos/Desktop/Programowanie/Xamarin/Projekt Xross Xamarin/Projekt01/Projekt01/Projekt01.UWP/obj/x86/Release/ilc/intermediate/PreMergeILTransformed/Xamarin.Forms.Core.dll"
"Message",Normal,"C:\Users\Deimos\Desktop\Programowanie\Xamarin\Projekt Xross Xamarin\Projekt01\Projekt01\Projekt01.UWP\obj\x86\Release\ilc\in\Xamarin.Forms.Core.dll"
"Message",Normal,"Zestaw ""Xamarin.Forms.Xaml.dll"" zostal znaleziony w wiecej niz jednym folderze."
"Message",Normal,"file:///C:/Users/Deimos/Desktop/Programowanie/Xamarin/Projekt Xross Xamarin/Projekt01/Projekt01/Projekt01.UWP/obj/x86/Release/ilc/intermediate/PreMergeILTransformed/Xamarin.Forms.Xaml.dll"
"Message",Normal,"C:\Users\Deimos\Desktop\Programowanie\Xamarin\Projekt Xross Xamarin\Projekt01\Projekt01\Projekt01.UWP\obj\x86\Release\ilc\in\Xamarin.Forms.Xaml.dll"
"Message",Normal,"Zestaw ""Projekt01.UWP.exe"" zostal znaleziony w wiecej niz jednym folderze."
"Message",Normal,"file:///C:/Users/Deimos/Desktop/Programowanie/Xamarin/Projekt Xross Xamarin/Projekt01/Projekt01/Projekt01.UWP/obj/x86/Release/ilc/intermediate/PreMergeILTransformed/Projekt01.UWP.exe"
"Message",Normal,"C:\Users\Deimos\Desktop\Programowanie\Xamarin\Projekt Xross Xamarin\Projekt01\Projekt01\Projekt01.UWP\obj\x86\Release\ilc\in\Projekt01.UWP.exe"
"Message",Normal,"Zestaw ""Microsoft.CSharp.dll"" zostal znaleziony w wiecej niz jednym folderze."
"Message",Normal,"file:///C:/Users/Deimos/Desktop/Programowanie/Xamarin/Projekt Xross Xamarin/Projekt01/Projekt01/Projekt01.UWP/obj/x86/Release/ilc/in/Microsoft.CSharp.dll"
"Message",Normal,"C:\Users\Deimos\Desktop\Programowanie\Xamarin\Projekt Xross Xamarin\Projekt01\Projekt01\Projekt01.UWP\obj\x86\Release\ilc\in\Microsoft.CSharp.dll"
"Message",Normal,"Zestaw ""Microsoft.VisualBasic.dll"" zostal znaleziony w wiecej niz jednym folderze."
"Message",Normal,"file:///C:/Users/Deimos/Desktop/Programowanie/Xamarin/Projekt Xross Xamarin/Projekt01/Projekt01/Projekt01.UWP/obj/x86/Release/ilc/in/Microsoft.VisualBasic.dll"
"Message",Normal,"C:\Users\Deimos\Desktop\Programowanie\Xamarin\Projekt Xross Xamarin\Projekt01\Projekt01\Projekt01.UWP\obj\x86\Release\ilc\in\Microsoft.VisualBasic.dll"
"Message",Normal,"Zestaw ""Microsoft.Win32.Primitives.dll"" zostal znaleziony w wiecej niz jednym folderze."
"Message",Normal,"file:///C:/Users/Deimos/Desktop/Programowanie/Xamarin/Projekt Xross Xamarin/Projekt01/Projekt01/Projekt01.UWP/obj/x86/Release/ilc/in/Microsoft.Win32.Primitives.dll"
"Message",Normal,"C:\Users\Deimos\Desktop\Programowanie\Xamarin\Projekt Xross Xamarin\Projekt01\Projekt01\Projekt01.UWP\obj\x86\Release\ilc\in\Microsoft.Win32.Primitives.dll"
"Message",Normal,"Zestaw ""mscorlib.dll"" zostal znaleziony w wiecej niz jednym folderze."
"Message",Normal,"file:///C:/Users/Deimos/Desktop/Programowanie/Xamarin/Projekt Xross Xamarin/Projekt01/Projekt01/Projekt01.UWP/obj/x86/Release/ilc/in/mscorlib.dll"
"Message",Normal,"C:\Users\Deimos\Desktop\Programowanie\Xamarin\Projekt Xross Xamarin\Projekt01\Projekt01\Projekt01.UWP\obj\x86\Release\ilc\in\mscorlib.dll"
"Message",Normal,"Zestaw ""System.AppContext.dll"" zostal znaleziony w wiecej niz jednym folderze."
"Message",Normal,"file:///C:/Users/Deimos/Desktop/Programowanie/Xamarin/Projekt Xross Xamarin/Projekt01/Projekt01/Projekt01.UWP/obj/x86/Release/ilc/in/System.AppContext.dll"
"Message",Normal,"C:\Users\Deimos\Desktop\Programowanie\Xamarin\Projekt Xross Xamarin\Projekt01\Projekt01\Projekt01.UWP\obj\x86\Release\ilc\in\System.AppContext.dll"
"Message",Normal,"Zestaw ""System.Buffers.dll"" zostal znaleziony w wiecej niz jednym folderze."
"Message",Normal,"file:///C:/Users/Deimos/Desktop/Programowanie/Xamarin/Projekt Xross Xamarin/Projekt01/Projekt01/Projekt01.UWP/obj/x86/Release/ilc/in/System.Buffers.dll"
"Message",Normal,"C:\Users\Deimos\Desktop\Programowanie\Xamarin\Projekt Xross Xamarin\Projekt01\Projekt01\Projekt01.UWP\obj\x86\Release\ilc\in\System.Buffers.dll"
"Message",Normal,"Zestaw ""System.Collections.Concurrent.dll"" zostal znaleziony w wiecej niz jednym folderze."
"Message",Normal,"file:///C:/Users/Deimos/Desktop/Programowanie/Xamarin/Projekt Xross Xamarin/Projekt01/Projekt01/Projekt01.UWP/obj/x86/Release/ilc/in/System.Collections.Concurrent.dll"
"Message",Normal,"C:\Users\Deimos\Desktop\Programowanie\Xamarin\Projekt Xross Xamarin\Projekt01\Projekt01\Projekt01.UWP\obj\x86\Release\ilc\in\System.Collections.Concurrent.dll"
"Message",Normal,"Zestaw ""System.Collections.dll"" zostal znaleziony w wiecej niz jednym folderze."
"Message",Normal,"file:///C:/Users/Deimos/Desktop/Programowanie/Xamarin/Projekt Xross Xamarin/Projekt01/Projekt01/Projekt01.UWP/obj/x86/Release/ilc/in/System.Collections.dll"
"Message",Normal,"C:\Users\Deimos\Desktop\Programowanie\Xamarin\Projekt Xross Xamarin\Projekt01\Projekt01\Projekt01.UWP\obj\x86\Release\ilc\in\System.Collections.dll"
"Message",Normal,"Zestaw ""System.Collections.Immutable.dll"" zostal znaleziony w wiecej niz jednym folderze."
"Message",Normal,"file:///C:/Users/Deimos/Desktop/Programowanie/Xamarin/Projekt Xross Xamarin/Projekt01/Projekt01/Projekt01.UWP/obj/x86/Release/ilc/in/System.Collections.Immutable.dll"
"Message",Normal,"C:\Users\Deimos\Desktop\Programowanie\Xamarin\Projekt Xross Xamarin\Projekt01\Projekt01\Projekt01.UWP\obj\x86\Release\ilc\in\System.Collections.Immutable.dll"
"Message",Normal,"Zestaw ""System.Collections.NonGeneric.dll"" zostal znaleziony w wiecej niz jednym folderze."
"Message",Normal,"file:///C:/Users/Deimos/Desktop/Programowanie/Xamarin/Projekt Xross Xamarin/Projekt01/Projekt01/Projekt01.UWP/obj/x86/Release/ilc/in/System.Collections.NonGeneric.dll"
"Message",Normal,"C:\Users\Deimos\Desktop\Programowanie\Xamarin\Projekt Xross Xamarin\Projekt01\Projekt01\Projekt01.UWP\obj\x86\Release\ilc\in\System.Collections.NonGeneric.dll"
"Message",Normal,"Zestaw ""System.Collections.Specialized.dll"" zostal znaleziony w wiecej niz jednym folderze."
"Message",Normal,"file:///C:/Users/Deimos/Desktop/Programowanie/Xamarin/Projekt Xross Xamarin/Projekt01/Projekt01/Projekt01.UWP/obj/x86/Release/ilc/in/System.Collections.Specialized.dll"
"Message",Normal,"C:\Users\Deimos\Desktop\Programowanie\Xamarin\Projekt Xross Xamarin\Projekt01\Projekt01\Projekt01.UWP\obj\x86\Release\ilc\in\System.Collections.Specialized.dll"
"Message",Normal,"Zestaw ""System.ComponentModel.Annotations.dll"" zostal znaleziony w wiecej niz jednym folderze."
"Message",Normal,"file:///C:/Users/Deimos/Desktop/Programowanie/Xamarin/Projekt Xross Xamarin/Projekt01/Projekt01/Projekt01.UWP/obj/x86/Release/ilc/in/System.ComponentModel.Annotations.dll"
"Message",Normal,"C:\Users\Deimos\Desktop\Programowanie\Xamarin\Projekt Xross Xamarin\Projekt01\Projekt01\Projekt01.UWP\obj\x86\Release\ilc\in\System.ComponentModel.Annotations.dll"
"Message",Normal,"Zestaw ""System.ComponentModel.DataAnnotations.dll"" zostal znaleziony w wiecej niz jednym folderze."
"Message",Normal,"file:///C:/Users/Deimos/Desktop/Programowanie/Xamarin/Projekt Xross Xamarin/Projekt01/Projekt01/Projekt01.UWP/obj/x86/Release/ilc/in/System.ComponentModel.DataAnnotations.dll"
"Message",Normal,"C:\Users\Deimos\Desktop\Programowanie\Xamarin\Projekt Xross Xamarin\Projekt01\Projekt01\Projekt01.UWP\obj\x86\Release\ilc\in\System.ComponentModel.DataAnnotations.dll"
"Message",Normal,"Zestaw ""System.ComponentModel.dll"" zostal znaleziony w wiecej niz jednym folderze."
"Message",Normal,"file:///C:/Users/Deimos/Desktop/Programowanie/Xamarin/Projekt Xross Xamarin/Projekt01/Projekt01/Projekt01.UWP/obj/x86/Release/ilc/in/System.ComponentModel.dll"
"Message",Normal,"C:\Users\Deimos\Desktop\Programowanie\Xamarin\Projekt Xross Xamarin\Projekt01\Projekt01\Projekt01.UWP\obj\x86\Release\ilc\in\System.ComponentModel.dll"
"Message",Normal,"Zestaw ""System.ComponentModel.EventBasedAsync.dll"" zostal znaleziony w wiecej niz jednym folderze."
"Message",Normal,"file:///C:/Users/Deimos/Desktop/Programowanie/Xamarin/Projekt Xross Xamarin/Projekt01/Projekt01/Projekt01.UWP/obj/x86/Release/ilc/in/System.ComponentModel.EventBasedAsync.dll"
"Message",Normal,"C:\Users\Deimos\Desktop\Programowanie\Xamarin\Projekt Xross Xamarin\Projekt01\Projekt01\Projekt01.UWP\obj\x86\Release\ilc\in\System.ComponentModel.EventBasedAsync.dll"
"Message",Normal,"Zestaw ""System.Core.dll"" zostal znaleziony w wiecej niz jednym folderze."
"Message",Normal,"file:///C:/Users/Deimos/Desktop/Programowanie/Xamarin/Projekt Xross Xamarin/Projekt01/Projekt01/Projekt01.UWP/obj/x86/Release/ilc/in/System.Core.dll"
"Message",Normal,"C:\Users\Deimos\Desktop\Programowanie\Xamarin\Projekt Xross Xamarin\Projekt01\Projekt01\Projekt01.UWP\obj\x86\Release\ilc\in\System.Core.dll"
"Message",Normal,"Zestaw ""System.Data.Common.dll"" zostal znaleziony w wiecej niz jednym folderze."
"Message",Normal,"file:///C:/Users/Deimos/Desktop/Programowanie/Xamarin/Projekt Xross Xamarin/Projekt01/Projekt01/Projekt01.UWP/obj/x86/Release/ilc/in/System.Data.Common.dll"
"Message",Normal,"C:\Users\Deimos\Desktop\Programowanie\Xamarin\Projekt Xross Xamarin\Projekt01\Projekt01\Projekt01.UWP\obj\x86\Release\ilc\in\System.Data.Common.dll"
"Message",Normal,"Zestaw ""System.Diagnostics.Contracts.dll"" zostal znaleziony w wiecej niz jednym folderze."
"Message",Normal,"file:///C:/Users/Deimos/Desktop/Programowanie/Xamarin/Projekt Xross Xamarin/Projekt01/Projekt01/Projekt01.UWP/obj/x86/Release/ilc/in/System.Diagnostics.Contracts.dll"
"Message",Normal,"C:\Users\Deimos\Desktop\Programowanie\Xamarin\Projekt Xross Xamarin\Projekt01\Projekt01\Projekt01.UWP\obj\x86\Release\ilc\in\System.Diagnostics.Contracts.dll"
"Message",Normal,"Zestaw ""System.Diagnostics.Debug.dll"" zostal znaleziony w wiecej niz jednym folderze."
"Message",Normal,"file:///C:/Users/Deimos/Desktop/Programowanie/Xamarin/Projekt Xross Xamarin/Projekt01/Projekt01/Projekt01.UWP/obj/x86/Release/ilc/in/System.Diagnostics.Debug.dll"
"Message",Normal,"C:\Users\Deimos\Desktop\Programowanie\Xamarin\Projekt Xross Xamarin\Projekt01\Projekt01\Projekt01.UWP\obj\x86\Release\ilc\in\System.Diagnostics.Debug.dll"
"Message",Normal,"Zestaw ""System.Diagnostics.DiagnosticSource.dll"" zostal znaleziony w wiecej niz jednym folderze."
"Message",Normal,"file:///C:/Users/Deimos/Desktop/Programowanie/Xamarin/Projekt Xross Xamarin/Projekt01/Projekt01/Projekt01.UWP/obj/x86/Release/ilc/in/System.Diagnostics.DiagnosticSource.dll"
"Message",Normal,"C:\Users\Deimos\Desktop\Programowanie\Xamarin\Projekt Xross Xamarin\Projekt01\Projekt01\Projekt01.UWP\obj\x86\Release\ilc\in\System.Diagnostics.DiagnosticSource.dll"
"Message",Normal,"Zestaw ""System.Diagnostics.StackTrace.dll"" zostal znaleziony w wiecej niz jednym folderze."
"Message",Normal,"file:///C:/Users/Deimos/Desktop/Programowanie/Xamarin/Projekt Xross Xamarin/Projekt01/Projekt01/Projekt01.UWP/obj/x86/Release/ilc/in/System.Diagnostics.StackTrace.dll"
"Message",Normal,"C:\Users\Deimos\Desktop\Programowanie\Xamarin\Projekt Xross Xamarin\Projekt01\Projekt01\Projekt01.UWP\obj\x86\Release\ilc\in\System.Diagnostics.StackTrace.dll"
"Message",Normal,"Zestaw ""System.Diagnostics.Tools.dll"" zostal znaleziony w wiecej niz jednym folderze."
"Message",Normal,"file:///C:/Users/Deimos/Desktop/Programowanie/Xamarin/Projekt Xross Xamarin/Projekt01/Projekt01/Projekt01.UWP/obj/x86/Release/ilc/in/System.Diagnostics.Tools.dll"
"Message",Normal,"C:\Users\Deimos\Desktop\Programowanie\Xamarin\Projekt Xross Xamarin\Projekt01\Projekt01\Projekt01.UWP\obj\x86\Release\ilc\in\System.Diagnostics.Tools.dll"
"Message",Normal,"Zestaw ""System.Diagnostics.Tracing.dll"" zostal znaleziony w wiecej niz jednym folderze."
"Message",Normal,"file:///C:/Users/Deimos/Desktop/Programowanie/Xamarin/Projekt Xross Xamarin/Projekt01/Projekt01/Projekt01.UWP/obj/x86/Release/ilc/in/System.Diagnostics.Tracing.dll"
"Message",Normal,"C:\Users\Deimos\Desktop\Programowanie\Xamarin\Projekt Xross Xamarin\Projekt01\Projekt01\Projekt01.UWP\obj\x86\Release\ilc\in\System.Diagnostics.Tracing.dll"
"Message",Normal,"Zestaw ""System.dll"" zostal znaleziony w wiecej niz jednym folderze."
"Message",Normal,"file:///C:/Users/Deimos/Desktop/Programowanie/Xamarin/Projekt Xross Xamarin/Projekt01/Projekt01/Projekt01.UWP/obj/x86/Release/ilc/in/System.dll"
"Message",Normal,"C:\Users\Deimos\Desktop\Programowanie\Xamarin\Projekt Xross Xamarin\Projekt01\Projekt01\Projekt01.UWP\obj\x86\Release\ilc\in\System.dll"
"Message",Normal,"Zestaw ""System.Dynamic.Runtime.dll"" zostal znaleziony w wiecej niz jednym folderze."
"Message",Normal,"file:///C:/Users/Deimos/Desktop/Programowanie/Xamarin/Projekt Xross Xamarin/Projekt01/Projekt01/Projekt01.UWP/obj/x86/Release/ilc/in/System.Dynamic.Runtime.dll"
"Message",Normal,"C:\Users\Deimos\Desktop\Programowanie\Xamarin\Projekt Xross Xamarin\Projekt01\Projekt01\Projekt01.UWP\obj\x86\Release\ilc\in\System.Dynamic.Runtime.dll"
"Message",Normal,"Zestaw ""System.Globalization.Calendars.dll"" zostal znaleziony w wiecej niz jednym folderze."
"Message",Normal,"file:///C:/Users/Deimos/Desktop/Programowanie/Xamarin/Projekt Xross Xamarin/Projekt01/Projekt01/Projekt01.UWP/obj/x86/Release/ilc/in/System.Globalization.Calendars.dll"
"Message",Normal,"C:\Users\Deimos\Desktop\Programowanie\Xamarin\Projekt Xross Xamarin\Projekt01\Projekt01\Projekt01.UWP\obj\x86\Release\ilc\in\System.Globalization.Calendars.dll"
"Message",Normal,"Zestaw ""System.Globalization.dll"" zostal znaleziony w wiecej niz jednym folderze."
"Message",Normal,"file:///C:/Users/Deimos/Desktop/Programowanie/Xamarin/Projekt Xross Xamarin/Projekt01/Projekt01/Projekt01.UWP/obj/x86/Release/ilc/in/System.Globalization.dll"
"Message",Normal,"C:\Users\Deimos\Desktop\Programowanie\Xamarin\Projekt Xross Xamarin\Projekt01\Projekt01\Projekt01.UWP\obj\x86\Release\ilc\in\System.Globalization.dll"
"Message",Normal,"Zestaw ""System.Globalization.Extensions.dll"" zostal znaleziony w wiecej niz jednym folderze."
"Message",Normal,"file:///C:/Users/Deimos/Desktop/Programowanie/Xamarin/Projekt Xross Xamarin/Projekt01/Projekt01/Projekt01.UWP/obj/x86/Release/ilc/in/System.Globalization.Extensions.dll"
"Message",Normal,"C:\Users\Deimos\Desktop\Programowanie\Xamarin\Projekt Xross Xamarin\Projekt01\Projekt01\Projekt01.UWP\obj\x86\Release\ilc\in\System.Globalization.Extensions.dll"
"Message",Normal,"Zestaw ""System.IO.Compression.dll"" zostal znaleziony w wiecej niz jednym folderze."
"Message",Normal,"file:///C:/Users/Deimos/Desktop/Programowanie/Xamarin/Projekt Xross Xamarin/Projekt01/Projekt01/Projekt01.UWP/obj/x86/Release/ilc/in/System.IO.Compression.dll"
"Message",Normal,"C:\Users\Deimos\Desktop\Programowanie\Xamarin\Projekt Xross Xamarin\Projekt01\Projekt01\Projekt01.UWP\obj\x86\Release\ilc\in\System.IO.Compression.dll"
"Message",Normal,"Zestaw ""System.IO.Compression.ZipFile.dll"" zostal znaleziony w wiecej niz jednym folderze."
"Message",Normal,"file:///C:/Users/Deimos/Desktop/Programowanie/Xamarin/Projekt Xross Xamarin/Projekt01/Projekt01/Projekt01.UWP/obj/x86/Release/ilc/in/System.IO.Compression.ZipFile.dll"
"Message",Normal,"C:\Users\Deimos\Desktop\Programowanie\Xamarin\Projekt Xross Xamarin\Projekt01\Projekt01\Projekt01.UWP\obj\x86\Release\ilc\in\System.IO.Compression.ZipFile.dll"
"Message",Normal,"Zestaw ""System.IO.dll"" zostal znaleziony w wiecej niz jednym folderze."
"Message",Normal,"file:///C:/Users/Deimos/Desktop/Programowanie/Xamarin/Projekt Xross Xamarin/Projekt01/Projekt01/Projekt01.UWP/obj/x86/Release/ilc/in/System.IO.dll"
"Message",Normal,"C:\Users\Deimos\Desktop\Programowanie\Xamarin\Projekt Xross Xamarin\Projekt01\Projekt01\Projekt01.UWP\obj\x86\Release\ilc\in\System.IO.dll"
"Message",Normal,"Zestaw ""System.IO.FileSystem.dll"" zostal znaleziony w wiecej niz jednym folderze."
"Message",Normal,"file:///C:/Users/Deimos/Desktop/Programowanie/Xamarin/Projekt Xross Xamarin/Projekt01/Projekt01/Projekt01.UWP/obj/x86/Release/ilc/in/System.IO.FileSystem.dll"
"Message",Normal,"C:\Users\Deimos\Desktop\Programowanie\Xamarin\Projekt Xross Xamarin\Projekt01\Projekt01\Projekt01.UWP\obj\x86\Release\ilc\in\System.IO.FileSystem.dll"
"Message",Normal,"Zestaw ""System.IO.FileSystem.Primitives.dll"" zostal znaleziony w wiecej niz jednym folderze."
"Message",Normal,"file:///C:/Users/Deimos/Desktop/Programowanie/Xamarin/Projekt Xross Xamarin/Projekt01/Projekt01/Projekt01.UWP/obj/x86/Release/ilc/in/System.IO.FileSystem.Primitives.dll"
"Message",Normal,"C:\Users\Deimos\Desktop\Programowanie\Xamarin\Projekt Xross Xamarin\Projekt01\Projekt01\Projekt01.UWP\obj\x86\Release\ilc\in\System.IO.FileSystem.Primitives.dll"
"Message",Normal,"Zestaw ""System.IO.IsolatedStorage.dll"" zostal znaleziony w wiecej niz jednym folderze."
"Message",Normal,"file:///C:/Users/Deimos/Desktop/Programowanie/Xamarin/Projekt Xross Xamarin/Projekt01/Projekt01/Projekt01.UWP/obj/x86/Release/ilc/in/System.IO.IsolatedStorage.dll"
"Message",Normal,"C:\Users\Deimos\Desktop\Programowanie\Xamarin\Projekt Xross Xamarin\Projekt01\Projekt01\Projekt01.UWP\obj\x86\Release\ilc\in\System.IO.IsolatedStorage.dll"
"Message",Normal,"Zestaw ""System.IO.UnmanagedMemoryStream.dll"" zostal znaleziony w wiecej niz jednym folderze."
"Message",Normal,"file:///C:/Users/Deimos/Desktop/Programowanie/Xamarin/Projekt Xross Xamarin/Projekt01/Projekt01/Projekt01.UWP/obj/x86/Release/ilc/in/System.IO.UnmanagedMemoryStream.dll"
"Message",Normal,"C:\Users\Deimos\Desktop\Programowanie\Xamarin\Projekt Xross Xamarin\Projekt01\Projekt01\Projekt01.UWP\obj\x86\Release\ilc\in\System.IO.UnmanagedMemoryStream.dll"
"Message",Normal,"Zestaw ""System.Linq.dll"" zostal znaleziony w wiecej niz jednym folderze."
"Message",Normal,"file:///C:/Users/Deimos/Desktop/Programowanie/Xamarin/Projekt Xross Xamarin/Projekt01/Projekt01/Projekt01.UWP/obj/x86/Release/ilc/in/System.Linq.dll"
"Message",Normal,"C:\Users\Deimos\Desktop\Programowanie\Xamarin\Projekt Xross Xamarin\Projekt01\Projekt01\Projekt01.UWP\obj\x86\Release\ilc\in\System.Linq.dll"
"Message",Normal,"Zestaw ""System.Linq.Expressions.dll"" zostal znaleziony w wiecej niz jednym folderze."
"Message",Normal,"file:///C:/Users/Deimos/Desktop/Programowanie/Xamarin/Projekt Xross Xamarin/Projekt01/Projekt01/Projekt01.UWP/obj/x86/Release/ilc/in/System.Linq.Expressions.dll"
"Message",Normal,"C:\Users\Deimos\Desktop\Programowanie\Xamarin\Projekt Xross Xamarin\Projekt01\Projekt01\Projekt01.UWP\obj\x86\Release\ilc\in\System.Linq.Expressions.dll"
"Message",Normal,"Zestaw ""System.Linq.Parallel.dll"" zostal znaleziony w wiecej niz jednym folderze."
"Message",Normal,"file:///C:/Users/Deimos/Desktop/Programowanie/Xamarin/Projekt Xross Xamarin/Projekt01/Projekt01/Projekt01.UWP/obj/x86/Release/ilc/in/System.Linq.Parallel.dll"
"Message",Normal,"C:\Users\Deimos\Desktop\Programowanie\Xamarin\Projekt Xross Xamarin\Projekt01\Projekt01\Projekt01.UWP\obj\x86\Release\ilc\in\System.Linq.Parallel.dll"
"Message",Normal,"Zestaw ""System.Linq.Queryable.dll"" zostal znaleziony w wiecej niz jednym folderze."
"Message",Normal,"file:///C:/Users/Deimos/Desktop/Programowanie/Xamarin/Projekt Xross Xamarin/Projekt01/Projekt01/Projekt01.UWP/obj/x86/Release/ilc/in/System.Linq.Queryable.dll"
"Message",Normal,"C:\Users\Deimos\Desktop\Programowanie\Xamarin\Projekt Xross Xamarin\Projekt01\Projekt01\Projekt01.UWP\obj\x86\Release\ilc\in\System.Linq.Queryable.dll"
"Message",Normal,"Zestaw ""System.Net.dll"" zostal znaleziony w wiecej niz jednym folderze."
"Message",Normal,"file:///C:/Users/Deimos/Desktop/Programowanie/Xamarin/Projekt Xross Xamarin/Projekt01/Projekt01/Projekt01.UWP/obj/x86/Release/ilc/in/System.Net.dll"
"Message",Normal,"C:\Users\Deimos\Desktop\Programowanie\Xamarin\Projekt Xross Xamarin\Projekt01\Projekt01\Projekt01.UWP\obj\x86\Release\ilc\in\System.Net.dll"
"Message",Normal,"Zestaw ""System.Net.Http.dll"" zostal znaleziony w wiecej niz jednym folderze."
"Message",Normal,"file:///C:/Users/Deimos/Desktop/Programowanie/Xamarin/Projekt Xross Xamarin/Projekt01/Projekt01/Projekt01.UWP/obj/x86/Release/ilc/in/System.Net.Http.dll"
"Message",Normal,"C:\Users\Deimos\Desktop\Programowanie\Xamarin\Projekt Xross Xamarin\Projekt01\Projekt01\Projekt01.UWP\obj\x86\Release\ilc\in\System.Net.Http.dll"
"Message",Normal,"Zestaw ""System.Net.Http.Rtc.dll"" zostal znaleziony w wiecej niz jednym folderze."
"Message",Normal,"file:///C:/Users/Deimos/Desktop/Programowanie/Xamarin/Projekt Xross Xamarin/Projekt01/Projekt01/Projekt01.UWP/obj/x86/Release/ilc/in/System.Net.Http.Rtc.dll"
"Message",Normal,"C:\Users\Deimos\Desktop\Programowanie\Xamarin\Projekt Xross Xamarin\Projekt01\Projekt01\Projekt01.UWP\obj\x86\Release\ilc\in\System.Net.Http.Rtc.dll"
"Message",Normal,"Zestaw ""System.Net.NameResolution.dll"" zostal znaleziony w wiecej niz jednym folderze."
"Message",Normal,"file:///C:/Users/Deimos/Desktop/Programowanie/Xamarin/Projekt Xross Xamarin/Projekt01/Projekt01/Projekt01.UWP/obj/x86/Release/ilc/in/System.Net.NameResolution.dll"
"Message",Normal,"C:\Users\Deimos\Desktop\Programowanie\Xamarin\Projekt Xross Xamarin\Projekt01\Projekt01\Projekt01.UWP\obj\x86\Release\ilc\in\System.Net.NameResolution.dll"
"Message",Normal,"Zestaw ""System.Net.NetworkInformation.dll"" zostal znaleziony w wiecej niz jednym folderze."
"Message",Normal,"file:///C:/Users/Deimos/Desktop/Programowanie/Xamarin/Projekt Xross Xamarin/Projekt01/Projekt01/Projekt01.UWP/obj/x86/Release/ilc/in/System.Net.NetworkInformation.dll"
"Message",Normal,"C:\Users\Deimos\Desktop\Programowanie\Xamarin\Projekt Xross Xamarin\Projekt01\Projekt01\Projekt01.UWP\obj\x86\Release\ilc\in\System.Net.NetworkInformation.dll"
"Message",Normal,"Zestaw ""System.Net.Primitives.dll"" zostal znaleziony w wiecej niz jednym folderze."
"Message",Normal,"file:///C:/Users/Deimos/Desktop/Programowanie/Xamarin/Projekt Xross Xamarin/Projekt01/Projekt01/Projekt01.UWP/obj/x86/Release/ilc/in/System.Net.Primitives.dll"
"Message",Normal,"C:\Users\Deimos\Desktop\Programowanie\Xamarin\Projekt Xross Xamarin\Projekt01\Projekt01\Projekt01.UWP\obj\x86\Release\ilc\in\System.Net.Primitives.dll"
"Message",Normal,"Zestaw ""System.Net.Requests.dll"" zostal znaleziony w wiecej niz jednym folderze."
"Message",Normal,"file:///C:/Users/Deimos/Desktop/Programowanie/Xamarin/Projekt Xross Xamarin/Projekt01/Projekt01/Projekt01.UWP/obj/x86/Release/ilc/in/System.Net.Requests.dll"
"Message",Normal,"C:\Users\Deimos\Desktop\Programowanie\Xamarin\Projekt Xross Xamarin\Projekt01\Projekt01\Projekt01.UWP\obj\x86\Release\ilc\in\System.Net.Requests.dll"
"Message",Normal,"Zestaw ""System.Net.Sockets.dll"" zostal znaleziony w wiecej niz jednym folderze."
"Message",Normal,"file:///C:/Users/Deimos/Desktop/Programowanie/Xamarin/Projekt Xross Xamarin/Projekt01/Projekt01/Projekt01.UWP/obj/x86/Release/ilc/in/System.Net.Sockets.dll"
"Message",Normal,"C:\Users\Deimos\Desktop\Programowanie\Xamarin\Projekt Xross Xamarin\Projekt01\Projekt01\Projekt01.UWP\obj\x86\Release\ilc\in\System.Net.Sockets.dll"
"Message",Normal,"Zestaw ""System.Net.WebHeaderCollection.dll"" zostal znaleziony w wiecej niz jednym folderze."
"Message",Normal,"file:///C:/Users/Deimos/Desktop/Programowanie/Xamarin/Projekt Xross Xamarin/Projekt01/Projekt01/Projekt01.UWP/obj/x86/Release/ilc/in/System.Net.WebHeaderCollection.dll"
"Message",Normal,"C:\Users\Deimos\Desktop\Programowanie\Xamarin\Projekt Xross Xamarin\Projekt01\Projekt01\Projekt01.UWP\obj\x86\Release\ilc\in\System.Net.WebHeaderCollection.dll"
"Message",Normal,"Zestaw ""System.Net.WebSockets.Client.dll"" zostal znaleziony w wiecej niz jednym folderze."
"Message",Normal,"file:///C:/Users/Deimos/Desktop/Programowanie/Xamarin/Projekt Xross Xamarin/Projekt01/Projekt01/Projekt01.UWP/obj/x86/Release/ilc/in/System.Net.WebSockets.Client.dll"
"Message",Normal,"C:\Users\Deimos\Desktop\Programowanie\Xamarin\Projekt Xross Xamarin\Projekt01\Projekt01\Projekt01.UWP\obj\x86\Release\ilc\in\System.Net.WebSockets.Client.dll"
"Message",Normal,"Zestaw ""System.Net.WebSockets.dll"" zostal znaleziony w wiecej niz jednym folderze."
"Message",Normal,"file:///C:/Users/Deimos/Desktop/Programowanie/Xamarin/Projekt Xross Xamarin/Projekt01/Projekt01/Projekt01.UWP/obj/x86/Release/ilc/in/System.Net.WebSockets.dll"
"Message",Normal,"C:\Users\Deimos\Desktop\Programowanie\Xamarin\Projekt Xross Xamarin\Projekt01\Projekt01\Projekt01.UWP\obj\x86\Release\ilc\in\System.Net.WebSockets.dll"
"Message",Normal,"Zestaw ""System.Numerics.dll"" zostal znaleziony w wiecej niz jednym folderze."
"Message",Normal,"file:///C:/Users/Deimos/Desktop/Programowanie/Xamarin/Projekt Xross Xamarin/Projekt01/Projekt01/Projekt01.UWP/obj/x86/Release/ilc/in/System.Numerics.dll"
"Message",Normal,"C:\Users\Deimos\Desktop\Programowanie\Xamarin\Projekt Xross Xamarin\Projekt01\Projekt01\Projekt01.UWP\obj\x86\Release\ilc\in\System.Numerics.dll"
"Message",Normal,"Zestaw ""System.Numerics.Vectors.dll"" zostal znaleziony w wiecej niz jednym folderze."
"Message",Normal,"file:///C:/Users/Deimos/Desktop/Programowanie/Xamarin/Projekt Xross Xamarin/Projekt01/Projekt01/Projekt01.UWP/obj/x86/Release/ilc/in/System.Numerics.Vectors.dll"
"Message",Normal,"C:\Users\Deimos\Desktop\Programowanie\Xamarin\Projekt Xross Xamarin\Projekt01\Projekt01\Projekt01.UWP\obj\x86\Release\ilc\in\System.Numerics.Vectors.dll"
"Message",Normal,"Zestaw ""System.Numerics.Vectors.WindowsRuntime.dll"" zostal znaleziony w wiecej niz jednym folderze."
"Message",Normal,"file:///C:/Users/Deimos/Desktop/Programowanie/Xamarin/Projekt Xross Xamarin/Projekt01/Projekt01/Projekt01.UWP/obj/x86/Release/ilc/in/System.Numerics.Vectors.WindowsRuntime.dll"
"Message",Normal,"C:\Users\Deimos\Desktop\Programowanie\Xamarin\Projekt Xross Xamarin\Projekt01\Projekt01\Projekt01.UWP\obj\x86\Release\ilc\in\System.Numerics.Vectors.WindowsRuntime.dll"
"Message",Normal,"Zestaw ""System.ObjectModel.dll"" zostal znaleziony w wiecej niz jednym folderze."
"Message",Normal,"file:///C:/Users/Deimos/Desktop/Programowanie/Xamarin/Projekt Xross Xamarin/Projekt01/Projekt01/Projekt01.UWP/obj/x86/Release/ilc/in/System.ObjectModel.dll"
"Message",Normal,"C:\Users\Deimos\Desktop\Programowanie\Xamarin\Projekt Xross Xamarin\Projekt01\Projekt01\Projekt01.UWP\obj\x86\Release\ilc\in\System.ObjectModel.dll"
"Message",Normal,"Zestaw ""System.Private.DataContractSerialization.dll"" zostal znaleziony w wiecej niz jednym folderze."
"Message",Normal,"file:///C:/Users/Deimos/Desktop/Programowanie/Xamarin/Projekt Xross Xamarin/Projekt01/Projekt01/Projekt01.UWP/obj/x86/Release/ilc/in/System.Private.DataContractSerialization.dll"
"Message",Normal,"C:\Users\Deimos\Desktop\Programowanie\Xamarin\Projekt Xross Xamarin\Projekt01\Projekt01\Projekt01.UWP\obj\x86\Release\ilc\in\System.Private.DataContractSerialization.dll"
"Message",Normal,"Zestaw ""System.Private.ServiceModel.dll"" zostal znaleziony w wiecej niz jednym folderze."
"Message",Normal,"file:///C:/Users/Deimos/Desktop/Programowanie/Xamarin/Projekt Xross Xamarin/Projekt01/Projekt01/Projekt01.UWP/obj/x86/Release/ilc/in/System.Private.ServiceModel.dll"
"Message",Normal,"C:\Users\Deimos\Desktop\Programowanie\Xamarin\Projekt Xross Xamarin\Projekt01\Projekt01\Projekt01.UWP\obj\x86\Release\ilc\in\System.Private.ServiceModel.dll"
"Message",Normal,"Zestaw ""System.Private.Uri.dll"" zostal znaleziony w wiecej niz jednym folderze."
"Message",Normal,"file:///C:/Users/Deimos/Desktop/Programowanie/Xamarin/Projekt Xross Xamarin/Projekt01/Projekt01/Projekt01.UWP/obj/x86/Release/ilc/in/System.Private.Uri.dll"
"Message",Normal,"C:\Users\Deimos\Desktop\Programowanie\Xamarin\Projekt Xross Xamarin\Projekt01\Projekt01\Projekt01.UWP\obj\x86\Release\ilc\in\System.Private.Uri.dll"
"Message",Normal,"Zestaw ""System.Reflection.Context.dll"" zostal znaleziony w wiecej niz jednym folderze."
"Message",Normal,"file:///C:/Users/Deimos/Desktop/Programowanie/Xamarin/Projekt Xross Xamarin/Projekt01/Projekt01/Projekt01.UWP/obj/x86/Release/ilc/in/System.Reflection.Context.dll"
"Message",Normal,"C:\Users\Deimos\Desktop\Programowanie\Xamarin\Projekt Xross Xamarin\Projekt01\Projekt01\Projekt01.UWP\obj\x86\Release\ilc\in\System.Reflection.Context.dll"
"Message",Normal,"Zestaw ""System.Reflection.DispatchProxy.dll"" zostal znaleziony w wiecej niz jednym folderze."
"Message",Normal,"file:///C:/Users/Deimos/Desktop/Programowanie/Xamarin/Projekt Xross Xamarin/Projekt01/Projekt01/Projekt01.UWP/obj/x86/Release/ilc/in/System.Reflection.DispatchProxy.dll"
"Message",Normal,"C:\Users\Deimos\Desktop\Programowanie\Xamarin\Projekt Xross Xamarin\Projekt01\Projekt01\Projekt01.UWP\obj\x86\Release\ilc\in\System.Reflection.DispatchProxy.dll"
"Message",Normal,"Zestaw ""System.Reflection.dll"" zostal znaleziony w wiecej niz jednym folderze."
"Message",Normal,"file:///C:/Users/Deimos/Desktop/Programowanie/Xamarin/Projekt Xross Xamarin/Projekt01/Projekt01/Projekt01.UWP/obj/x86/Release/ilc/in/System.Reflection.dll"
"Message",Normal,"C:\Users\Deimos\Desktop\Programowanie\Xamarin\Projekt Xross Xamarin\Projekt01\Projekt01\Projekt01.UWP\obj\x86\Release\ilc\in\System.Reflection.dll"
"Message",Normal,"Zestaw ""System.Reflection.Emit.dll"" zostal znaleziony w wiecej niz jednym folderze."
"Message",Normal,"file:///C:/Users/Deimos/Desktop/Programowanie/Xamarin/Projekt Xross Xamarin/Projekt01/Projekt01/Projekt01.UWP/obj/x86/Release/ilc/in/System.Reflection.Emit.dll"
"Message",Normal,"C:\Users\Deimos\Desktop\Programowanie\Xamarin\Projekt Xross Xamarin\Projekt01\Projekt01\Projekt01.UWP\obj\x86\Release\ilc\in\System.Reflection.Emit.dll"
"Message",Normal,"Zestaw ""System.Reflection.Extensions.dll"" zostal znaleziony w wiecej niz jednym folderze."
"Message",Normal,"file:///C:/Users/Deimos/Desktop/Programowanie/Xamarin/Projekt Xross Xamarin/Projekt01/Projekt01/Projekt01.UWP/obj/x86/Release/ilc/in/System.Reflection.Extensions.dll"
"Message",Normal,"C:\Users\Deimos\Desktop\Programowanie\Xamarin\Projekt Xross Xamarin\Projekt01\Projekt01\Projekt01.UWP\obj\x86\Release\ilc\in\System.Reflection.Extensions.dll"
"Message",Normal,"Zestaw ""System.Reflection.Metadata.dll"" zostal znaleziony w wiecej niz jednym folderze."
"Message",Normal,"file:///C:/Users/Deimos/Desktop/Programowanie/Xamarin/Projekt Xross Xamarin/Projekt01/Projekt01/Projekt01.UWP/obj/x86/Release/ilc/in/System.Reflection.Metadata.dll"
"Message",Normal,"C:\Users\Deimos\Desktop\Programowanie\Xamarin\Projekt Xross Xamarin\Projekt01\Projekt01\Projekt01.UWP\obj\x86\Release\ilc\in\System.Reflection.Metadata.dll"
"Message",Normal,"Zestaw ""System.Reflection.Primitives.dll"" zostal znaleziony w wiecej niz jednym folderze."
"Message",Normal,"file:///C:/Users/Deimos/Desktop/Programowanie/Xamarin/Projekt Xross Xamarin/Projekt01/Projekt01/Projekt01.UWP/obj/x86/Release/ilc/in/System.Reflection.Primitives.dll"
"Message",Normal,"C:\Users\Deimos\Desktop\Programowanie\Xamarin\Projekt Xross Xamarin\Projekt01\Projekt01\Projekt01.UWP\obj\x86\Release\ilc\in\System.Reflection.Primitives.dll"
"Message",Normal,"Zestaw ""System.Reflection.TypeExtensions.dll"" zostal znaleziony w wiecej niz jednym folderze."
"Message",Normal,"file:///C:/Users/Deimos/Desktop/Programowanie/Xamarin/Projekt Xross Xamarin/Projekt01/Projekt01/Projekt01.UWP/obj/x86/Release/ilc/in/System.Reflection.TypeExtensions.dll"
"Message",Normal,"C:\Users\Deimos\Desktop\Programowanie\Xamarin\Projekt Xross Xamarin\Projekt01\Projekt01\Projekt01.UWP\obj\x86\Release\ilc\in\System.Reflection.TypeExtensions.dll"
"Message",Normal,"Zestaw ""System.Resources.ResourceManager.dll"" zostal znaleziony w wiecej niz jednym folderze."
"Message",Normal,"file:///C:/Users/Deimos/Desktop/Programowanie/Xamarin/Projekt Xross Xamarin/Projekt01/Projekt01/Projekt01.UWP/obj/x86/Release/ilc/in/System.Resources.ResourceManager.dll"
"Message",Normal,"C:\Users\Deimos\Desktop\Programowanie\Xamarin\Projekt Xross Xamarin\Projekt01\Projekt01\Projekt01.UWP\obj\x86\Release\ilc\in\System.Resources.ResourceManager.dll"
"Message",Normal,"Zestaw ""System.Runtime.dll"" zostal znaleziony w wiecej niz jednym folderze."
"Message",Normal,"file:///C:/Users/Deimos/Desktop/Programowanie/Xamarin/Projekt Xross Xamarin/Projekt01/Projekt01/Projekt01.UWP/obj/x86/Release/ilc/in/System.Runtime.dll"
"Message",Normal,"C:\Users\Deimos\Desktop\Programowanie\Xamarin\Projekt Xross Xamarin\Projekt01\Projekt01\Projekt01.UWP\obj\x86\Release\ilc\in\System.Runtime.dll"
"Message",Normal,"Zestaw ""System.Runtime.Extensions.dll"" zostal znaleziony w wiecej niz jednym folderze."
"Message",Normal,"file:///C:/Users/Deimos/Desktop/Programowanie/Xamarin/Projekt Xross Xamarin/Projekt01/Projekt01/Projekt01.UWP/obj/x86/Release/ilc/in/System.Runtime.Extensions.dll"
"Message",Normal,"C:\Users\Deimos\Desktop\Programowanie\Xamarin\Projekt Xross Xamarin\Projekt01\Projekt01\Projekt01.UWP\obj\x86\Release\ilc\in\System.Runtime.Extensions.dll"
"Message",Normal,"Zestaw ""System.Runtime.Handles.dll"" zostal znaleziony w wiecej niz jednym folderze."
"Message",Normal,"file:///C:/Users/Deimos/Desktop/Programowanie/Xamarin/Projekt Xross Xamarin/Projekt01/Projekt01/Projekt01.UWP/obj/x86/Release/ilc/in/System.Runtime.Handles.dll"
"Message",Normal,"C:\Users\Deimos\Desktop\Programowanie\Xamarin\Projekt Xross Xamarin\Projekt01\Projekt01\Projekt01.UWP\obj\x86\Release\ilc\in\System.Runtime.Handles.dll"
"Message",Normal,"Zestaw ""System.Runtime.InteropServices.dll"" zostal znaleziony w wiecej niz jednym folderze."
"Message",Normal,"file:///C:/Users/Deimos/Desktop/Programowanie/Xamarin/Projekt Xross Xamarin/Projekt01/Projekt01/Projekt01.UWP/obj/x86/Release/ilc/in/System.Runtime.InteropServices.dll"
"Message",Normal,"C:\Users\Deimos\Desktop\Programowanie\Xamarin\Projekt Xross Xamarin\Projekt01\Projekt01\Projekt01.UWP\obj\x86\Release\ilc\in\System.Runtime.InteropServices.dll"
"Message",Normal,"Zestaw ""System.Runtime.InteropServices.WindowsRuntime.dll"" zostal znaleziony w wiecej niz jednym folderze."
"Message",Normal,"file:///C:/Users/Deimos/Desktop/Programowanie/Xamarin/Projekt Xross Xamarin/Projekt01/Projekt01/Projekt01.UWP/obj/x86/Release/ilc/in/System.Runtime.InteropServices.WindowsRuntime.dll"
"Message",Normal,"C:\Users\Deimos\Desktop\Programowanie\Xamarin\Projekt Xross Xamarin\Projekt01\Projekt01\Projekt01.UWP\obj\x86\Release\ilc\in\System.Runtime.InteropServices.WindowsRuntime.dll"
"Message",Normal,"Zestaw ""System.Runtime.Numerics.dll"" zostal znaleziony w wiecej niz jednym folderze."
"Message",Normal,"file:///C:/Users/Deimos/Desktop/Programowanie/Xamarin/Projekt Xross Xamarin/Projekt01/Projekt01/Projekt01.UWP/obj/x86/Release/ilc/in/System.Runtime.Numerics.dll"
"Message",Normal,"C:\Users\Deimos\Desktop\Programowanie\Xamarin\Projekt Xross Xamarin\Projekt01\Projekt01\Projekt01.UWP\obj\x86\Release\ilc\in\System.Runtime.Numerics.dll"
"Message",Normal,"Zestaw ""System.Runtime.Serialization.dll"" zostal znaleziony w wiecej niz jednym folderze."
"Message",Normal,"file:///C:/Users/Deimos/Desktop/Programowanie/Xamarin/Projekt Xross Xamarin/Projekt01/Projekt01/Projekt01.UWP/obj/x86/Release/ilc/in/System.Runtime.Serialization.dll"
"Message",Normal,"C:\Users\Deimos\Desktop\Programowanie\Xamarin\Projekt Xross Xamarin\Projekt01\Projekt01\Projekt01.UWP\obj\x86\Release\ilc\in\System.Runtime.Serialization.dll"
"Message",Normal,"Zestaw ""System.Runtime.Serialization.Json.dll"" zostal znaleziony w wiecej niz jednym folderze."
"Message",Normal,"file:///C:/Users/Deimos/Desktop/Programowanie/Xamarin/Projekt Xross Xamarin/Projekt01/Projekt01/Projekt01.UWP/obj/x86/Release/ilc/in/System.Runtime.Serialization.Json.dll"
"Message",Normal,"C:\Users\Deimos\Desktop\Programowanie\Xamarin\Projekt Xross Xamarin\Projekt01\Projekt01\Projekt01.UWP\obj\x86\Release\ilc\in\System.Runtime.Serialization.Json.dll"
"Message",Normal,"Zestaw ""System.Runtime.Serialization.Primitives.dll"" zostal znaleziony w wiecej niz jednym folderze."
"Message",Normal,"file:///C:/Users/Deimos/Desktop/Programowanie/Xamarin/Projekt Xross Xamarin/Projekt01/Projekt01/Projekt01.UWP/obj/x86/Release/ilc/in/System.Runtime.Serialization.Primitives.dll"
"Message",Normal,"C:\Users\Deimos\Desktop\Programowanie\Xamarin\Projekt Xross Xamarin\Projekt01\Projekt01\Projekt01.UWP\obj\x86\Release\ilc\in\System.Runtime.Serialization.Primitives.dll"
"Message",Normal,"Zestaw ""System.Runtime.Serialization.Xml.dll"" zostal znaleziony w wiecej niz jednym folderze."
"Message",Normal,"file:///C:/Users/Deimos/Desktop/Programowanie/Xamarin/Projekt Xross Xamarin/Projekt01/Projekt01/Projekt01.UWP/obj/x86/Release/ilc/in/System.Runtime.Serialization.Xml.dll"
"Message",Normal,"C:\Users\Deimos\Desktop\Programowanie\Xamarin\Projekt Xross Xamarin\Projekt01\Projekt01\Projekt01.UWP\obj\x86\Release\ilc\in\System.Runtime.Serialization.Xml.dll"
"Message",Normal,"Zestaw ""System.Runtime.WindowsRuntime.dll"" zostal znaleziony w wiecej niz jednym folderze."
"Message",Normal,"file:///C:/Users/Deimos/Desktop/Programowanie/Xamarin/Projekt Xross Xamarin/Projekt01/Projekt01/Projekt01.UWP/obj/x86/Release/ilc/intermediate/TransformedSRWR/System.Runtime.WindowsRuntime.dll"
"Message",Normal,"C:\Users\Deimos\Desktop\Programowanie\Xamarin\Projekt Xross Xamarin\Projekt01\Projekt01\Projekt01.UWP\obj\x86\Release\ilc\in\System.Runtime.WindowsRuntime.dll"
"Message",Normal,"Zestaw ""System.Runtime.WindowsRuntime.UI.Xaml.dll"" zostal znaleziony w wiecej niz jednym folderze."
"Message",Normal,"file:///C:/Users/Deimos/Desktop/Programowanie/Xamarin/Projekt Xross Xamarin/Projekt01/Projekt01/Projekt01.UWP/obj/x86/Release/ilc/in/System.Runtime.WindowsRuntime.UI.Xaml.dll"
"Message",Normal,"C:\Users\Deimos\Desktop\Programowanie\Xamarin\Projekt Xross Xamarin\Projekt01\Projekt01\Projekt01.UWP\obj\x86\Release\ilc\in\System.Runtime.WindowsRuntime.UI.Xaml.dll"
"Message",Normal,"Zestaw ""System.Security.Claims.dll"" zostal znaleziony w wiecej niz jednym folderze."
"Message",Normal,"file:///C:/Users/Deimos/Desktop/Programowanie/Xamarin/Projekt Xross Xamarin/Projekt01/Projekt01/Projekt01.UWP/obj/x86/Release/ilc/in/System.Security.Claims.dll"
"Message",Normal,"C:\Users\Deimos\Desktop\Programowanie\Xamarin\Projekt Xross Xamarin\Projekt01\Projekt01\Projekt01.UWP\obj\x86\Release\ilc\in\System.Security.Claims.dll"
"Message",Normal,"Zestaw ""System.Security.Cryptography.Algorithms.dll"" zostal znaleziony w wiecej niz jednym folderze."
"Message",Normal,"file:///C:/Users/Deimos/Desktop/Programowanie/Xamarin/Projekt Xross Xamarin/Projekt01/Projekt01/Projekt01.UWP/obj/x86/Release/ilc/in/System.Security.Cryptography.Algorithms.dll"
"Message",Normal,"C:\Users\Deimos\Desktop\Programowanie\Xamarin\Projekt Xross Xamarin\Projekt01\Projekt01\Projekt01.UWP\obj\x86\Release\ilc\in\System.Security.Cryptography.Algorithms.dll"
"Message",Normal,"Zestaw ""System.Security.Cryptography.Cng.dll"" zostal znaleziony w wiecej niz jednym folderze."
"Message",Normal,"file:///C:/Users/Deimos/Desktop/Programowanie/Xamarin/Projekt Xross Xamarin/Projekt01/Projekt01/Projekt01.UWP/obj/x86/Release/ilc/in/System.Security.Cryptography.Cng.dll"
"Message",Normal,"C:\Users\Deimos\Desktop\Programowanie\Xamarin\Projekt Xross Xamarin\Projekt01\Projekt01\Projekt01.UWP\obj\x86\Release\ilc\in\System.Security.Cryptography.Cng.dll"
"Message",Normal,"Zestaw ""System.Security.Cryptography.Encoding.dll"" zostal znaleziony w wiecej niz jednym folderze."
"Message",Normal,"file:///C:/Users/Deimos/Desktop/Programowanie/Xamarin/Projekt Xross Xamarin/Projekt01/Projekt01/Projekt01.UWP/obj/x86/Release/ilc/in/System.Security.Cryptography.Encoding.dll"
"Message",Normal,"C:\Users\Deimos\Desktop\Programowanie\Xamarin\Projekt Xross Xamarin\Projekt01\Projekt01\Projekt01.UWP\obj\x86\Release\ilc\in\System.Security.Cryptography.Encoding.dll"
"Message",Normal,"Zestaw ""System.Security.Cryptography.Primitives.dll"" zostal znaleziony w wiecej niz jednym folderze."
"Message",Normal,"file:///C:/Users/Deimos/Desktop/Programowanie/Xamarin/Projekt Xross Xamarin/Projekt01/Projekt01/Projekt01.UWP/obj/x86/Release/ilc/in/System.Security.Cryptography.Primitives.dll"
"Message",Normal,"C:\Users\Deimos\Desktop\Programowanie\Xamarin\Projekt Xross Xamarin\Projekt01\Projekt01\Projekt01.UWP\obj\x86\Release\ilc\in\System.Security.Cryptography.Primitives.dll"
"Message",Normal,"Zestaw ""System.Security.Cryptography.X509Certificates.dll"" zostal znaleziony w wiecej niz jednym folderze."
"Message",Normal,"file:///C:/Users/Deimos/Desktop/Programowanie/Xamarin/Projekt Xross Xamarin/Projekt01/Projekt01/Projekt01.UWP/obj/x86/Release/ilc/in/System.Security.Cryptography.X509Certificates.dll"
"Message",Normal,"C:\Users\Deimos\Desktop\Programowanie\Xamarin\Projekt Xross Xamarin\Projekt01\Projekt01\Projekt01.UWP\obj\x86\Release\ilc\in\System.Security.Cryptography.X509Certificates.dll"
"Message",Normal,"Zestaw ""System.Security.Principal.dll"" zostal znaleziony w wiecej niz jednym folderze."
"Message",Normal,"file:///C:/Users/Deimos/Desktop/Programowanie/Xamarin/Projekt Xross Xamarin/Projekt01/Projekt01/Projekt01.UWP/obj/x86/Release/ilc/in/System.Security.Principal.dll"
"Message",Normal,"C:\Users\Deimos\Desktop\Programowanie\Xamarin\Projekt Xross Xamarin\Projekt01\Projekt01\Projekt01.UWP\obj\x86\Release\ilc\in\System.Security.Principal.dll"
"Message",Normal,"Zestaw ""System.ServiceModel.dll"" zostal znaleziony w wiecej niz jednym folderze."
"Message",Normal,"file:///C:/Users/Deimos/Desktop/Programowanie/Xamarin/Projekt Xross Xamarin/Projekt01/Projekt01/Projekt01.UWP/obj/x86/Release/ilc/in/System.ServiceModel.dll"
"Message",Normal,"C:\Users\Deimos\Desktop\Programowanie\Xamarin\Projekt Xross Xamarin\Projekt01\Projekt01\Projekt01.UWP\obj\x86\Release\ilc\in\System.ServiceModel.dll"
"Message",Normal,"Zestaw ""System.ServiceModel.Duplex.dll"" zostal znaleziony w wiecej niz jednym folderze."
"Message",Normal,"file:///C:/Users/Deimos/Desktop/Programowanie/Xamarin/Projekt Xross Xamarin/Projekt01/Projekt01/Projekt01.UWP/obj/x86/Release/ilc/in/System.ServiceModel.Duplex.dll"
"Message",Normal,"C:\Users\Deimos\Desktop\Programowanie\Xamarin\Projekt Xross Xamarin\Projekt01\Projekt01\Projekt01.UWP\obj\x86\Release\ilc\in\System.ServiceModel.Duplex.dll"
"Message",Normal,"Zestaw ""System.ServiceModel.Http.dll"" zostal znaleziony w wiecej niz jednym folderze."
"Message",Normal,"file:///C:/Users/Deimos/Desktop/Programowanie/Xamarin/Projekt Xross Xamarin/Projekt01/Projekt01/Projekt01.UWP/obj/x86/Release/ilc/in/System.ServiceModel.Http.dll"
"Message",Normal,"C:\Users\Deimos\Desktop\Programowanie\Xamarin\Projekt Xross Xamarin\Projekt01\Projekt01\Projekt01.UWP\obj\x86\Release\ilc\in\System.ServiceModel.Http.dll"
"Message",Normal,"Zestaw ""System.ServiceModel.NetTcp.dll"" zostal znaleziony w wiecej niz jednym folderze."
"Message",Normal,"file:///C:/Users/Deimos/Desktop/Programowanie/Xamarin/Projekt Xross Xamarin/Projekt01/Projekt01/Projekt01.UWP/obj/x86/Release/ilc/in/System.ServiceModel.NetTcp.dll"
"Message",Normal,"C:\Users\Deimos\Desktop\Programowanie\Xamarin\Projekt Xross Xamarin\Projekt01\Projekt01\Projekt01.UWP\obj\x86\Release\ilc\in\System.ServiceModel.NetTcp.dll"
"Message",Normal,"Zestaw ""System.ServiceModel.Primitives.dll"" zostal znaleziony w wiecej niz jednym folderze."
"Message",Normal,"file:///C:/Users/Deimos/Desktop/Programowanie/Xamarin/Projekt Xross Xamarin/Projekt01/Projekt01/Projekt01.UWP/obj/x86/Release/ilc/in/System.ServiceModel.Primitives.dll"
"Message",Normal,"C:\Users\Deimos\Desktop\Programowanie\Xamarin\Projekt Xross Xamarin\Projekt01\Projekt01\Projekt01.UWP\obj\x86\Release\ilc\in\System.ServiceModel.Primitives.dll"
"Message",Normal,"Zestaw ""System.ServiceModel.Security.dll"" zostal znaleziony w wiecej niz jednym folderze."
"Message",Normal,"file:///C:/Users/Deimos/Desktop/Programowanie/Xamarin/Projekt Xross Xamarin/Projekt01/Projekt01/Projekt01.UWP/obj/x86/Release/ilc/in/System.ServiceModel.Security.dll"
"Message",Normal,"C:\Users\Deimos\Desktop\Programowanie\Xamarin\Projekt Xross Xamarin\Projekt01\Projekt01\Projekt01.UWP\obj\x86\Release\ilc\in\System.ServiceModel.Security.dll"
"Message",Normal,"Zestaw ""System.ServiceModel.Web.dll"" zostal znaleziony w wiecej niz jednym folderze."
"Message",Normal,"file:///C:/Users/Deimos/Desktop/Programowanie/Xamarin/Projekt Xross Xamarin/Projekt01/Projekt01/Projekt01.UWP/obj/x86/Release/ilc/in/System.ServiceModel.Web.dll"
"Message",Normal,"C:\Users\Deimos\Desktop\Programowanie\Xamarin\Projekt Xross Xamarin\Projekt01\Projekt01\Projekt01.UWP\obj\x86\Release\ilc\in\System.ServiceModel.Web.dll"
"Message",Normal,"Zestaw ""System.Text.Encoding.CodePages.dll"" zostal znaleziony w wiecej niz jednym folderze."
"Message",Normal,"file:///C:/Users/Deimos/Desktop/Programowanie/Xamarin/Projekt Xross Xamarin/Projekt01/Projekt01/Projekt01.UWP/obj/x86/Release/ilc/in/System.Text.Encoding.CodePages.dll"
"Message",Normal,"C:\Users\Deimos\Desktop\Programowanie\Xamarin\Projekt Xross Xamarin\Projekt01\Projekt01\Projekt01.UWP\obj\x86\Release\ilc\in\System.Text.Encoding.CodePages.dll"
"Message",Normal,"Zestaw ""System.Text.Encoding.dll"" zostal znaleziony w wiecej niz jednym folderze."
"Message",Normal,"file:///C:/Users/Deimos/Desktop/Programowanie/Xamarin/Projekt Xross Xamarin/Projekt01/Projekt01/Projekt01.UWP/obj/x86/Release/ilc/in/System.Text.Encoding.dll"
"Message",Normal,"C:\Users\Deimos\Desktop\Programowanie\Xamarin\Projekt Xross Xamarin\Projekt01\Projekt01\Projekt01.UWP\obj\x86\Release\ilc\in\System.Text.Encoding.dll"
"Message",Normal,"Zestaw ""System.Text.Encoding.Extensions.dll"" zostal znaleziony w wiecej niz jednym folderze."
"Message",Normal,"file:///C:/Users/Deimos/Desktop/Programowanie/Xamarin/Projekt Xross Xamarin/Projekt01/Projekt01/Projekt01.UWP/obj/x86/Release/ilc/in/System.Text.Encoding.Extensions.dll"
"Message",Normal,"C:\Users\Deimos\Desktop\Programowanie\Xamarin\Projekt Xross Xamarin\Projekt01\Projekt01\Projekt01.UWP\obj\x86\Release\ilc\in\System.Text.Encoding.Extensions.dll"
"Message",Normal,"Zestaw ""System.Text.RegularExpressions.dll"" zostal znaleziony w wiecej niz jednym folderze."
"Message",Normal,"file:///C:/Users/Deimos/Desktop/Programowanie/Xamarin/Projekt Xross Xamarin/Projekt01/Projekt01/Projekt01.UWP/obj/x86/Release/ilc/in/System.Text.RegularExpressions.dll"
"Message",Normal,"C:\Users\Deimos\Desktop\Programowanie\Xamarin\Projekt Xross Xamarin\Projekt01\Projekt01\Projekt01.UWP\obj\x86\Release\ilc\in\System.Text.RegularExpressions.dll"
"Message",Normal,"Zestaw ""System.Threading.dll"" zostal znaleziony w wiecej niz jednym folderze."
"Message",Normal,"file:///C:/Users/Deimos/Desktop/Programowanie/Xamarin/Projekt Xross Xamarin/Projekt01/Projekt01/Projekt01.UWP/obj/x86/Release/ilc/in/System.Threading.dll"
"Message",Normal,"C:\Users\Deimos\Desktop\Programowanie\Xamarin\Projekt Xross Xamarin\Projekt01\Projekt01\Projekt01.UWP\obj\x86\Release\ilc\in\System.Threading.dll"
"Message",Normal,"Zestaw ""System.Threading.Overlapped.dll"" zostal znaleziony w wiecej niz jednym folderze."
"Message",Normal,"file:///C:/Users/Deimos/Desktop/Programowanie/Xamarin/Projekt Xross Xamarin/Projekt01/Projekt01/Projekt01.UWP/obj/x86/Release/ilc/in/System.Threading.Overlapped.dll"
"Message",Normal,"C:\Users\Deimos\Desktop\Programowanie\Xamarin\Projekt Xross Xamarin\Projekt01\Projekt01\Projekt01.UWP\obj\x86\Release\ilc\in\System.Threading.Overlapped.dll"
"Message",Normal,"Zestaw ""System.Threading.Tasks.Dataflow.dll"" zostal znaleziony w wiecej niz jednym folderze."
"Message",Normal,"file:///C:/Users/Deimos/Desktop/Programowanie/Xamarin/Projekt Xross Xamarin/Projekt01/Projekt01/Projekt01.UWP/obj/x86/Release/ilc/in/System.Threading.Tasks.Dataflow.dll"
"Message",Normal,"C:\Users\Deimos\Desktop\Programowanie\Xamarin\Projekt Xross Xamarin\Projekt01\Projekt01\Projekt01.UWP\obj\x86\Release\ilc\in\System.Threading.Tasks.Dataflow.dll"
"Message",Normal,"Zestaw ""System.Threading.Tasks.dll"" zostal znaleziony w wiecej niz jednym folderze."
"Message",Normal,"file:///C:/Users/Deimos/Desktop/Programowanie/Xamarin/Projekt Xross Xamarin/Projekt01/Projekt01/Projekt01.UWP/obj/x86/Release/ilc/in/System.Threading.Tasks.dll"
"Message",Normal,"C:\Users\Deimos\Desktop\Programowanie\Xamarin\Projekt Xross Xamarin\Projekt01\Projekt01\Projekt01.UWP\obj\x86\Release\ilc\in\System.Threading.Tasks.dll"
"Message",Normal,"Zestaw ""System.Threading.Tasks.Extensions.dll"" zostal znaleziony w wiecej niz jednym folderze."
"Message",Normal,"file:///C:/Users/Deimos/Desktop/Programowanie/Xamarin/Projekt Xross Xamarin/Projekt01/Projekt01/Projekt01.UWP/obj/x86/Release/ilc/in/System.Threading.Tasks.Extensions.dll"
"Message",Normal,"C:\Users\Deimos\Desktop\Programowanie\Xamarin\Projekt Xross Xamarin\Projekt01\Projekt01\Projekt01.UWP\obj\x86\Release\ilc\in\System.Threading.Tasks.Extensions.dll"
"Message",Normal,"Zestaw ""System.Threading.Tasks.Parallel.dll"" zostal znaleziony w wiecej niz jednym folderze."
"Message",Normal,"file:///C:/Users/Deimos/Desktop/Programowanie/Xamarin/Projekt Xross Xamarin/Projekt01/Projekt01/Projekt01.UWP/obj/x86/Release/ilc/in/System.Threading.Tasks.Parallel.dll"
"Message",Normal,"C:\Users\Deimos\Desktop\Programowanie\Xamarin\Projekt Xross Xamarin\Projekt01\Projekt01\Projekt01.UWP\obj\x86\Release\ilc\in\System.Threading.Tasks.Parallel.dll"
"Message",Normal,"Zestaw ""System.Threading.Timer.dll"" zostal znaleziony w wiecej niz jednym folderze."
"Message",Normal,"file:///C:/Users/Deimos/Desktop/Programowanie/Xamarin/Projekt Xross Xamarin/Projekt01/Projekt01/Projekt01.UWP/obj/x86/Release/ilc/in/System.Threading.Timer.dll"
"Message",Normal,"C:\Users\Deimos\Desktop\Programowanie\Xamarin\Projekt Xross Xamarin\Projekt01\Projekt01\Projekt01.UWP\obj\x86\Release\ilc\in\System.Threading.Timer.dll"
"Message",Normal,"Zestaw ""System.Windows.dll"" zostal znaleziony w wiecej niz jednym folderze."
"Message",Normal,"file:///C:/Users/Deimos/Desktop/Programowanie/Xamarin/Projekt Xross Xamarin/Projekt01/Projekt01/Projekt01.UWP/obj/x86/Release/ilc/in/System.Windows.dll"
"Message",Normal,"C:\Users\Deimos\Desktop\Programowanie\Xamarin\Projekt Xross Xamarin\Projekt01\Projekt01\Projekt01.UWP\obj\x86\Release\ilc\in\System.Windows.dll"
"Message",Normal,"Zestaw ""System.Xml.dll"" zostal znaleziony w wiecej niz jednym folderze."
"Message",Normal,"file:///C:/Users/Deimos/Desktop/Programowanie/Xamarin/Projekt Xross Xamarin/Projekt01/Projekt01/Projekt01.UWP/obj/x86/Release/ilc/in/System.Xml.dll"
"Message",Normal,"C:\Users\Deimos\Desktop\Programowanie\Xamarin\Projekt Xross Xamarin\Projekt01\Projekt01\Projekt01.UWP\obj\x86\Release\ilc\in\System.Xml.dll"
"Message",Normal,"Zestaw ""System.Xml.Linq.dll"" zostal znaleziony w wiecej niz jednym folderze."
"Message",Normal,"file:///C:/Users/Deimos/Desktop/Programowanie/Xamarin/Projekt Xross Xamarin/Projekt01/Projekt01/Projekt01.UWP/obj/x86/Release/ilc/in/System.Xml.Linq.dll"
"Message",Normal,"C:\Users\Deimos\Desktop\Programowanie\Xamarin\Projekt Xross Xamarin\Projekt01\Projekt01\Projekt01.UWP\obj\x86\Release\ilc\in\System.Xml.Linq.dll"
"Message",Normal,"Zestaw ""System.Xml.ReaderWriter.dll"" zostal znaleziony w wiecej niz jednym folderze."
"Message",Normal,"file:///C:/Users/Deimos/Desktop/Programowanie/Xamarin/Projekt Xross Xamarin/Projekt01/Projekt01/Projekt01.UWP/obj/x86/Release/ilc/in/System.Xml.ReaderWriter.dll"
"Message",Normal,"C:\Users\Deimos\Desktop\Programowanie\Xamarin\Projekt Xross Xamarin\Projekt01\Projekt01\Projekt01.UWP\obj\x86\Release\ilc\in\System.Xml.ReaderWriter.dll"
"Message",Normal,"Zestaw ""System.Xml.Serialization.dll"" zostal znaleziony w wiecej niz jednym folderze."
"Message",Normal,"file:///C:/Users/Deimos/Desktop/Programowanie/Xamarin/Projekt Xross Xamarin/Projekt01/Projekt01/Projekt01.UWP/obj/x86/Release/ilc/in/System.Xml.Serialization.dll"
"Message",Normal,"C:\Users\Deimos\Desktop\Programowanie\Xamarin\Projekt Xross Xamarin\Projekt01\Projekt01\Projekt01.UWP\obj\x86\Release\ilc\in\System.Xml.Serialization.dll"
"Message",Normal,"Zestaw ""System.Xml.XDocument.dll"" zostal znaleziony w wiecej niz jednym folderze."
"Message",Normal,"file:///C:/Users/Deimos/Desktop/Programowanie/Xamarin/Projekt Xross Xamarin/Projekt01/Projekt01/Projekt01.UWP/obj/x86/Release/ilc/in/System.Xml.XDocument.dll"
"Message",Normal,"C:\Users\Deimos\Desktop\Programowanie\Xamarin\Projekt Xross Xamarin\Projekt01\Projekt01\Projekt01.UWP\obj\x86\Release\ilc\in\System.Xml.XDocument.dll"
"Message",Normal,"Zestaw ""System.Xml.XmlDocument.dll"" zostal znaleziony w wiecej niz jednym folderze."
"Message",Normal,"file:///C:/Users/Deimos/Desktop/Programowanie/Xamarin/Projekt Xross Xamarin/Projekt01/Projekt01/Projekt01.UWP/obj/x86/Release/ilc/in/System.Xml.XmlDocument.dll"
"Message",Normal,"C:\Users\Deimos\Desktop\Programowanie\Xamarin\Projekt Xross Xamarin\Projekt01\Projekt01\Projekt01.UWP\obj\x86\Release\ilc\in\System.Xml.XmlDocument.dll"
"Message",Normal,"Zestaw ""System.Xml.XmlSerializer.dll"" zostal znaleziony w wiecej niz jednym folderze."
"Message",Normal,"file:///C:/Users/Deimos/Desktop/Programowanie/Xamarin/Projekt Xross Xamarin/Projekt01/Projekt01/Projekt01.UWP/obj/x86/Release/ilc/in/System.Xml.XmlSerializer.dll"
"Message",Normal,"C:\Users\Deimos\Desktop\Programowanie\Xamarin\Projekt Xross Xamarin\Projekt01\Projekt01\Projekt01.UWP\obj\x86\Release\ilc\in\System.Xml.XmlSerializer.dll"
"Message",Normal,"Zestaw ""Xamarin.Forms.Core.dll"" zostal znaleziony w wiecej niz jednym folderze."
"Message",Normal,"file:///C:/Users/Deimos/Desktop/Programowanie/Xamarin/Projekt Xross Xamarin/Projekt01/Projekt01/Projekt01.UWP/obj/x86/Release/ilc/intermediate/PreMergeILTransformed/Xamarin.Forms.Core.dll"
"Message",Normal,"C:\Users\Deimos\Desktop\Programowanie\Xamarin\Projekt Xross Xamarin\Projekt01\Projekt01\Projekt01.UWP\obj\x86\Release\ilc\in\Xamarin.Forms.Core.dll"
"Message",Normal,"Zestaw ""Xamarin.Forms.Platform.dll"" zostal znaleziony w wiecej niz jednym folderze."
"Message",Normal,"file:///C:/Users/Deimos/Desktop/Programowanie/Xamarin/Projekt Xross Xamarin/Projekt01/Projekt01/Projekt01.UWP/obj/x86/Release/ilc/in/Xamarin.Forms.Platform.dll"
"Message",Normal,"C:\Users\Deimos\Desktop\Programowanie\Xamarin\Projekt Xross Xamarin\Projekt01\Projekt01\Projekt01.UWP\obj\x86\Release\ilc\in\Xamarin.Forms.Platform.dll"
"Message",Normal,"Zestaw ""Xamarin.Forms.Platform.UAP.dll"" zostal znaleziony w wiecej niz jednym folderze."
"Message",Normal,"file:///C:/Users/Deimos/Desktop/Programowanie/Xamarin/Projekt Xross Xamarin/Projekt01/Projekt01/Projekt01.UWP/obj/x86/Release/ilc/in/Xamarin.Forms.Platform.UAP.dll"
"Message",Normal,"C:\Users\Deimos\Desktop\Programowanie\Xamarin\Projekt Xross Xamarin\Projekt01\Projekt01\Projekt01.UWP\obj\x86\Release\ilc\in\Xamarin.Forms.Platform.UAP.dll"
"Message",Normal,"Zestaw ""Xamarin.Forms.Xaml.dll"" zostal znaleziony w wiecej niz jednym folderze."
"Message",Normal,"file:///C:/Users/Deimos/Desktop/Programowanie/Xamarin/Projekt Xross Xamarin/Projekt01/Projekt01/Projekt01.UWP/obj/x86/Release/ilc/intermediate/PreMergeILTransformed/Xamarin.Forms.Xaml.dll"
"Message",Normal,"C:\Users\Deimos\Desktop\Programowanie\Xamarin\Projekt Xross Xamarin\Projekt01\Projekt01\Projekt01.UWP\obj\x86\Release\ilc\in\Xamarin.Forms.Xaml.dll"
"Message",Normal,"Zestaw ""Projekt01.UWP.exe"" zostal znaleziony w wiecej niz jednym folderze."
"Message",Normal,"file:///C:/Users/Deimos/Desktop/Programowanie/Xamarin/Projekt Xross Xamarin/Projekt01/Projekt01/Projekt01.UWP/obj/x86/Release/ilc/intermediate/PreMergeILTransformed/Projekt01.UWP.exe"
"Message",Normal,"C:\Users\Deimos\Desktop\Programowanie\Xamarin\Projekt Xross Xamarin\Projekt01\Projekt01\Projekt01.UWP\obj\x86\Release\ilc\in\Projekt01.UWP.exe"
"Message",Normal,"Typ ""System.DBNull"" zostal znaleziony w wiecej niz jednym zestawie."
"Message",Normal,"file:///C:/Users/Deimos/Desktop/Programowanie/Xamarin/Projekt Xross Xamarin/Projekt01/Projekt01/Projekt01.UWP/obj/x86/Release/ilc/in/System.Data.Common.dll"
"Message",Normal,"file:///C:/Users/Deimos/.nuget/packages/microsoft.net.native.compiler/1.6.2/tools/x86/ilc/lib/Private/System.Private.Reflection.Core.dll"
"Message",Normal,"Typ ""System.Reflection.BindingFlags"" zostal znaleziony w wiecej niz jednym zestawie."
"Message",Normal,"file:///C:/Users/Deimos/Desktop/Programowanie/Xamarin/Projekt Xross Xamarin/Projekt01/Projekt01/Projekt01.UWP/obj/x86/Release/ilc/in/System.Reflection.TypeExtensions.dll"
"Message",Normal,"file:///C:/Users/Deimos/.nuget/packages/microsoft.net.native.compiler/1.6.2/tools/x86/ilc/lib/Private/System.Private.Reflection.dll"
"Message",High,"Generating System.Reflection.DispatchProxy proxy code."
"Message",Normal,"Running 'DumpNativeResources' transform, heap at 173 MB."
"Message",Normal,"Running 'ReducedCopyInitialize' transform, heap at 173 MB."
"Message",Normal,"Running 'ReducedCopyEmptyTypes' transform, heap at 197 MB."
"Message",Normal,"Running 'ReducedCopyPopulateTypes' transform, heap at 207 MB."
"Message",Normal,"Running 'ReducedCopyLateMetadata' transform, heap at 241 MB."
"Message",Normal,"Running 'ReducedCopyMethodBodies' transform, heap at 267 MB."
"Message",Normal,"Running 'ReducedCopyComplete' transform, heap at 241 MB."
"Message",Normal,"Running 'ReducedCopyCleanup' transform, heap at 254 MB."
"Message",Normal,"Running 'DeveloperExperienceModeOnlyCodeRemover' transform, heap at 254 MB."
"Message",Normal,"Running 'ComImportDetector' transform, heap at 263 MB."
"Message",Normal,"Running 'McgAccessor' transform, heap at 263 MB."
"Message",Normal,"Running 'McgRedirect' transform, heap at 265 MB."
"Message",Normal,"Running 'McgRedirect' transform, heap at 270 MB."
"Message",Normal,"Running 'McgTypeOf' transform, heap at 271 MB."
"Message",Normal,"Running 'ExceptionMiniaturizer' transform, heap at 279 MB."
"Message",Normal,"Running 'EventSource' transform, heap at 291 MB."
"Message",Normal,"Running 'ValueType' transform, heap at 291 MB."
"Message",Normal,"Running 'Attribute' transform, heap at 291 MB."
"Message",Normal,"Running 'GetType' transform, heap at 292 MB."
"Message",Normal,"Running 'McgFixups' transform, heap at 293 MB."
"Message",Normal,"Running 'ResourceManagerCtor' transform, heap at 294 MB."
"Message",Normal,"Running 'TypeofTypeHandle' transform, heap at 294 MB."
"Message",Normal,"Running 'DispatchProxyIntrinsics' transform, heap at 299 MB."
"Message",Normal,"Running 'StaticInitData' transform, heap at 300 MB."
"Message",Normal,"Running 'StartupCodeInjector' transform, heap at 315 MB."
"Message",Normal,"Running 'InjectAppContextSwitches' transform, heap at 316 MB."
"Message",Normal,"Running 'ImplementLibraryDynamicInvokeHelpers' transform, heap at 316 MB."
"Message",Normal,"Running 'Delegate' transform, heap at 316 MB."
"Message",Normal,"Running 'DelegateCtorCall' transform, heap at 277 MB."
"Message",Normal,"Running 'LazyGenerics' transform, heap at 280 MB."
"Message",Normal,"Running 'AddReflectionBlockedAttributes' transform, heap at 307 MB."
"Message",Normal,"Running 'DisableOptimization' transform, heap at 307 MB."
"Message",Normal,"Running 'CreateMetadata' transform, heap at 307 MB."
"Message",Normal,"Running 'SaveRVAStatics' transform, heap at 354 MB."
"Message",Normal,"Running 'ReflectionInvoke' transform, heap at 356 MB."
"Message",Normal,"Running 'ScrubOpenCalls' transform, heap at 359 MB."
"Message",Normal,"Running 'ConvertCatchIntoFilter' transform, heap at 359 MB."
"Message",Normal,"Running 'ReflectionMappingInfoEmit' transform, heap at 359 MB."
"Message",Normal,"Running 'ConvertManagedWinMD' transform, heap at 363 MB."
"Message",Normal,"Running 'Reducer' transform, heap at 363 MB."
"Message",High,"Cleaning up unreferenced code"
"Message",Normal,"Running 'WriteAssemblies' transform, heap at 372 MB."
"Message",Normal,""
"Message",Normal,"Transform summary"
"Message",Normal,"    ms | heap delta | name"
"Message",Normal," 12322 |        155 | Analysis"
"Message",Normal,"  8807 |        -98 | GenerateCodeAndCompile"
"Message",Normal,"  3241 |         90 | WriteAssemblies"
"Message",Normal,"  2792 |         60 | Mcg"
"Message",Normal,"  2642 |          9 | Reducer"
"Message",Normal,"  1086 |         24 | ReducedCopyInitialize"
"Message",Normal,"   700 |         47 | CreateMetadata"
"Message",Normal,"   655 |        -26 | ReducedCopyMethodBodies"
"Message",Normal,"   552 |         13 | ReducedCopyComplete"
"Message",Normal,"   313 |         34 | ReducedCopyPopulateTypes"
"Message",Normal,"   221 |         15 | StaticInitData"
"Message",Normal,"   212 |        -39 | Delegate"
"Message",Normal,"   174 |          8 | McgTypeOf"
"Message",Normal,"   171 |         26 | ReducedCopyLateMetadata"
"Message",Normal,"   170 |         27 | LazyGenerics"
"Message",Normal,"   167 |          5 | McgRedirect"
"Message",Normal,"    83 |         10 | ReducedCopyEmptyTypes"
"Message",Normal,"    78 |          1 | McgRedirect"
"Message",Normal,"    73 |          5 | TypeofTypeHandle"
"Message",Normal,"    68 |         12 | ExceptionMiniaturizer"
"Message",Normal,"    48 |          3 | DelegateCtorCall"
"Message",Normal,"    34 |          2 | SaveRVAStatics"
"Message",Normal,"    31 |          2 | McgAccessor"
"Message",Normal,"    29 |          1 | McgFixups"
"Message",Normal,"    19 |          1 | GetType"
"Message",Normal,"    16 |          1 | StartupCodeInjector"
"Message",Normal,"    16 |          3 | ReflectionInvoke"
"Message",Normal,"    15 |          1 | DispatchProxyIntrinsics"
"Message",Normal,"    14 |          4 | ReflectionMappingInfoEmit"
"Message",Normal,"    14 |          0 | ScrubOpenCalls"
"Message",Normal,"    13 |          0 | ValueType"
"Message",Normal,"    13 |          9 | DeveloperExperienceModeOnlyCodeRemover"
"Message",Normal,"    10 |          0 | DumpNativeResources"
"Message",Normal,"     8 |          0 | ConvertCatchIntoFilter"
"Message",Normal,"     8 |          0 | ReducedCopyCleanup"
"Message",Normal,"     6 |          1 | Attribute"
"Message",Normal,"     6 |          0 | EventSource"
"Message",Normal,"     4 |          0 | ResourceManagerCtor"
"Message",Normal,"     1 |          0 | ComImportDetector"
"Message",Normal,"     1 |          0 | AddReflectionBlockedAttributes"
"Message",Normal,"     1 |          0 | InjectAppContextSwitches"
"Message",Normal,"     0 |          0 | ImplementLibraryDynamicInvokeHelpers"
"Message",Normal,"     0 |          0 | DisableOptimization"
"Message",Normal,"     0 |          0 | ConvertManagedWinMD"
"Message",Low,"Zakończono wykonywanie zadania „RunILTransforms”."
"Message",Low,"Zakończono kompilowanie celu „RunILTransforms” w pliku „ILTransforms”."
"Message",Low,"Zakończono kompilowanie projektu „ILTransforms”."
"Message",Low,""
"Message",Low,""
"Message",Low,"Zakończono kompilowanie celu „GenerateMDIL” w pliku „Nutc”."
"Message",Low,""
"Message",High,"Generowanie kodu natywnego"
"Message",Low,"Zakończono kompilowanie celu „MDILPrepareMultiFile” w pliku „Nutc”."
"Message",Low,""
"Message",Low,"Zakończono kompilowanie celu „SetBinaryForReferences” w pliku „Nutc”."
"Message",Low,""
"Message",Low,"Zadanie „GenerateMDILGlobalAnalysis”"
"Message",Normal,"Launching 'C:\Users\Deimos\.nuget\packages\microsoft.net.native.compiler\1.6.2\tools\x86\ilc\Tools\nutc_driver.exe @""C:\Users\Deimos\Desktop\Programowanie\Xamarin\Projekt Xross Xamarin\Projekt01\Projekt01\Projekt01.UWP\obj\x86\Release\ilc\intermediate\MDIL\Projekt01.UWP.rsp""'"
"Message",Low,"Microsoft (R) MDIL Compiler - Version 1.6.25221.00"
"Message",Low,"Copyright (c) Microsoft Corporation.  All rights reserved."
"Message",Low,"Skanowanie typów wejściowych"
"Message",Low,"Skanowanie metod: 11801."
"Message",Low,"Skanowanie metod: 3988."
"Message",Low,"Skanowanie metod: 2059."
"Message",Low,"Skanowanie metod: 1553."
"Message",Low,"Skanowanie metod: 3528."
"Message",Low,"Skanowanie metod: 2405."
"Message",Low,"Skanowanie metod: 901."
"Message",Low,"Skanowanie metod: 884."
"Message",Low,"Skanowanie metod: 439."
"Message",Low,"Skanowanie metod: 361."
"Message",Low,"Skanowanie metod: 320."
"Message",Low,"Skanowanie metod: 237."
"Message",Low,"Skanowanie metod: 127."
"Message",Low,"Skanowanie metod: 126."
"Message",Low,"Skanowanie metod: 52."
"Message",Low,"Skanowanie metod: 11."
"Message",Low,"Skanowanie metod: 8."
"Message",Low,"Skanowanie metod: 3."
"Message",Low,"Skanowanie metod: 3."
"Message",Low,"Skanowanie metod: 6."
"Message",Low,"Skanowanie metod: 3."
"Message",Low,"Wczesne generowanie kodu"
"Message",Low,"Kompilowanie metod: 28815."
"Message",Low,"Odłożone generowanie kodu"
"Message",Low,"Kompilowanie metod: 1."
"Message",Low,"Kompilowanie metod: 30."
"Message",Low,"„C:\Users\Deimos\Desktop\Programowanie\Xamarin\Projekt Xross Xamarin\Projekt01\Projekt01\Projekt01.UWP\obj\x86\Release\ilc\intermediate\MDIL\Projekt01.UWP.mdilexe” — generowanie zakończone pomyślnie"
"Message",Low,"„C:\Users\Deimos\Desktop\Programowanie\Xamarin\Projekt Xross Xamarin\Projekt01\Projekt01\Projekt01.UWP\obj\x86\Release\ilc\intermediate\MDIL\Projekt01.UWP.mdilpdb” — generowanie zakończone pomyślnie"
"Message",Normal,"'C:\Users\Deimos\.nuget\packages\microsoft.net.native.compiler\1.6.2\tools\x86\ilc\Tools\nutc_driver.exe @""C:\Users\Deimos\Desktop\Programowanie\Xamarin\Projekt Xross Xamarin\Projekt01\Projekt01\Projekt01.UWP\obj\x86\Release\ilc\intermediate\MDIL\Projekt01.UWP.rsp""' completed."
"Message",Normal,"Process execution statistics (all times in milliseconds)"
"Message",Normal,"-----------------------------------------------------------------------------"
"Message",Normal,"launch  |  start   |   stop   |   end    | duration | lifetime | [slot] name"
"Message",Normal,"-----------------------------------------------------------------------------"
"Message",Normal,"       0 |       15 |    29953 |    29953 |    29938 |    29953 | [0] Nutc GlobalAnalysis"
"Message",Normal,"Number of commands:      1"
"Message",Normal,"Total system time:       29953 ms"
"Message",Normal,"System time per command: 29953 ms"
"Message",Normal,"Total duration:          29938 ms"
"Message",Normal,"Total lifetime:          29953 ms"
"Message",Normal,"Requested DOP:           4"
"Message",Normal,"Duration DOP:            1,0"
"Message",Normal,"Lifetime DOP:            1,0"
"Message",Low,"Zakończono wykonywanie zadania „GenerateMDILGlobalAnalysis”."
"Message",Low,"Zakończono kompilowanie celu „GenerateMDILGlobalAnalysis” w pliku „Nutc”."
"Message",Low,""
"Message",Low,"Zadanie „rc”"
"Message",Normal,"Launching 'C:\Program Files (x86)\Windows Kits\10\bin\10.0.15063.0\x64\rc.exe /c ""65001"" /r /fo ""C:\Users\Deimos\Desktop\Programowanie\Xamarin\Projekt Xross Xamarin\Projekt01\Projekt01\Projekt01.UWP\obj\x86\Release\ilc\intermediate\BuildInfo\BuildInfo.res"" ""C:\Users\Deimos\Desktop\Programowanie\Xamarin\Projekt Xross Xamarin\Projekt01\Projekt01\Projekt01.UWP\obj\x86\Release\ilc\intermediate\BuildInfo\BuildInfo.rc""'"
"Message",Low,"Microsoft (R) Windows (R) Resource Compiler Version 10.0.10011.16384"
"Message",Low,"Copyright (C) Microsoft Corporation.  All rights reserved."
"Message",Normal,"'C:\Program Files (x86)\Windows Kits\10\bin\10.0.15063.0\x64\rc.exe /c ""65001"" /r /fo ""C:\Users\Deimos\Desktop\Programowanie\Xamarin\Projekt Xross Xamarin\Projekt01\Projekt01\Projekt01.UWP\obj\x86\Release\ilc\intermediate\BuildInfo\BuildInfo.res"" ""C:\Users\Deimos\Desktop\Programowanie\Xamarin\Projekt Xross Xamarin\Projekt01\Projekt01\Projekt01.UWP\obj\x86\Release\ilc\intermediate\BuildInfo\BuildInfo.rc""' completed."
"Message",Normal,"Process execution statistics (all times in milliseconds)"
"Message",Normal,"-----------------------------------------------------------------------------"
"Message",Normal,"launch  |  start   |   stop   |   end    | duration | lifetime | [slot] name"
"Message",Normal,"-----------------------------------------------------------------------------"
"Message",Normal,"       0 |       47 |      125 |      125 |       78 |      125 | [0] rc"
"Message",Normal,"Number of commands:      1"
"Message",Normal,"Total system time:       125 ms"
"Message",Normal,"System time per command: 125 ms"
"Message",Normal,"Total duration:          78 ms"
"Message",Normal,"Total lifetime:          125 ms"
"Message",Normal,"Requested DOP:           4"
"Message",Normal,"Duration DOP:            0,6"
"Message",Normal,"Lifetime DOP:            1,0"
"Message",Low,"Zakończono wykonywanie zadania „rc”."
"Message",Low,"Zadanie „ResourceBinaryConcatenate”"
"Message",Normal,"Concatenating into 'C:\Users\Deimos\Desktop\Programowanie\Xamarin\Projekt Xross Xamarin\Projekt01\Projekt01\Projekt01.UWP\obj\x86\Release\ilc\intermediate\Native.res' with alignment '4'."
"Message",Normal," Added 'C:\Users\Deimos\Desktop\Programowanie\Xamarin\Projekt Xross Xamarin\Projekt01\Projekt01\Projekt01.UWP\obj\x86\Release\ilc\intermediate\ILTransformed\Projekt01.UWP.res' at offset 0."
"Message",Normal," Added 'C:\Users\Deimos\Desktop\Programowanie\Xamarin\Projekt Xross Xamarin\Projekt01\Projekt01\Projekt01.UWP\obj\x86\Release\ilc\intermediate\BuildInfo\BuildInfo.res' at offset 1416."
"Message",Low,"Zakończono wykonywanie zadania „ResourceBinaryConcatenate”."
"Message",Low,"Zakończono kompilowanie celu „GenerateBuildInfo” w pliku „Nutc”."
"Message",Low,"Zakończono kompilowanie projektu „Nutc”."
"Message",Low,""
"Message",Low,""
"Message",Low,"Zakończono kompilowanie celu „MDILBindPrepare” w pliku „Binder”."
"Message",Low,""
"Message",High,"Generowanie napraw dla kodu natywnego"
"Message",Low,"Zadanie „MDILBind”"
"Message",Normal,"Launching 'C:\Users\Deimos\.nuget\packages\microsoft.net.native.compiler\1.6.2\tools\x86\ilc\Tools\rhbind.exe @""C:\Users\Deimos\Desktop\Programowanie\Xamarin\Projekt Xross Xamarin\Projekt01\Projekt01\Projekt01.UWP\obj\x86\Release\ilc\intermediate\rhbindargs.Projekt01.UWP.rsp""'"
"Message",Low,"WERSJA SYSTEMU OPERACYJNEGO: główna: 6  pomocnicza: 2"
"Message",Low,"MDIL: C:\Users\Deimos\Desktop\Programowanie\Xamarin\Projekt Xross Xamarin\Projekt01\Projekt01\Projekt01.UWP\obj\x86\Release\ilc\intermediate\MDIL\Projekt01.UWP.mdilexe"
"Message",Low,"MDILPDB: C:\Users\Deimos\Desktop\Programowanie\Xamarin\Projekt Xross Xamarin\Projekt01\Projekt01\Projekt01.UWP\obj\x86\Release\ilc\intermediate\MDIL\Projekt01.UWP.mdilpdb"
"Message",Low,"IL: C:\Users\Deimos\Desktop\Programowanie\Xamarin\Projekt Xross Xamarin\Projekt01\Projekt01\Projekt01.UWP\obj\x86\Release\ilc\intermediate\MDIL\Projekt01.UWP.ilexe"
"Message",Low,"NI: C:\Users\Deimos\Desktop\Programowanie\Xamarin\Projekt Xross Xamarin\Projekt01\Projekt01\Projekt01.UWP\obj\x86\Release\ilc\intermediate\Native\Projekt01.UWP.dll"
"Message",Low,"SHIM: C:\Users\Deimos\Desktop\Programowanie\Xamarin\Projekt Xross Xamarin\Projekt01\Projekt01\Projekt01.UWP\obj\x86\Release\ilc\intermediate\Native\Projekt01.UWP.exe"
"Message",Low,"REDHAWK_RUNTIME_DLL_NAME_A=mrt100_app.dll"
"Message",Low,"Plik pdb: C:\Users\Deimos\Desktop\Programowanie\Xamarin\Projekt Xross Xamarin\Projekt01\Projekt01\Projekt01.UWP\obj\x86\Release\ilc\intermediate\Native\Projekt01.UWP.pdb"
"Message",Low,"Utworzono C:\Users\Deimos\Desktop\Programowanie\Xamarin\Projekt Xross Xamarin\Projekt01\Projekt01\Projekt01.UWP\obj\x86\Release\ilc\intermediate\Native\Projekt01.UWP.dll w czasie 2.037 s"
"Message",Normal,"'C:\Users\Deimos\.nuget\packages\microsoft.net.native.compiler\1.6.2\tools\x86\ilc\Tools\rhbind.exe @""C:\Users\Deimos\Desktop\Programowanie\Xamarin\Projekt Xross Xamarin\Projekt01\Projekt01\Projekt01.UWP\obj\x86\Release\ilc\intermediate\rhbindargs.Projekt01.UWP.rsp""' completed."
"Message",Normal,"Process execution statistics (all times in milliseconds)"
"Message",Normal,"-----------------------------------------------------------------------------"
"Message",Normal,"launch  |  start   |   stop   |   end    | duration | lifetime | [slot] name"
"Message",Normal,"-----------------------------------------------------------------------------"
"Message",Normal,"       0 |       16 |     2125 |     2125 |     2109 |     2125 | [0] rhbind Projekt01.UWP"
"Message",Normal,"Number of commands:      1"
"Message",Normal,"Total system time:       2125 ms"
"Message",Normal,"System time per command: 2125 ms"
"Message",Normal,"Total duration:          2109 ms"
"Message",Normal,"Total lifetime:          2125 ms"
"Message",Normal,"Requested DOP:           4"
"Message",Normal,"Duration DOP:            1,0"
"Message",Normal,"Lifetime DOP:            1,0"
"Message",Low,"Zakończono wykonywanie zadania „MDILBind”."
"Message",Low,"Zakończono kompilowanie celu „MDILBind” w pliku „Binder”."
"Message",Low,"Zakończono kompilowanie projektu „Binder”."
"Message",Low,""
"Message",Low,""
"Message",Low,"Zakończono kompilowanie celu „CopyNativeExecutablesToOutput” w pliku „Deployment”."
"Message",Low,""
"Message",Low,"Zakończono kompilowanie celu „CopyExtractedResourcesToOutput” w pliku „Deployment”."
"Message",Low,""
"Message",Low,"Zadanie „TransformAppxManifest”"
"Message",Low,"Zakończono wykonywanie zadania „TransformAppxManifest”."
"Message",Low,"Zakończono kompilowanie celu „TransformAppxManifestAndAddCrt” w pliku „Deployment”."
"Message",Low,""
"Message",Low,"Zakończono kompilowanie celu „CopyPackageResourceFileInRetailBuild” w pliku „Deployment”."
"Message",Low,"Zakończono kompilowanie projektu „Deployment”."
"Message",Low,"Kompilacja została zakończona"
